,Date,Company,Adj Close,Close,Open,Volume
0,2024-01-02 00:00:00+00:00,AAPL,184.93821716308594,185.63999938964844,187.14999389648438,82488700.0
1,2024-01-03 00:00:00+00:00,AAPL,183.55348205566406,184.25,184.22000122070312,58414500.0
2,2024-01-04 00:00:00+00:00,AAPL,181.2223358154297,181.91000366210938,182.14999389648438,71983600.0
3,2024-01-05 00:00:00+00:00,AAPL,180.4950714111328,181.17999267578125,181.99000549316406,62303300.0
4,2024-01-08 00:00:00+00:00,AAPL,184.8585205078125,185.55999755859375,182.08999633789062,59144500.0
5,2024-01-09 00:00:00+00:00,AAPL,184.4401092529297,185.13999938964844,183.9199981689453,42841800.0
6,2024-01-10 00:00:00+00:00,AAPL,185.48614501953125,186.19000244140625,184.35000610351562,46792900.0
7,2024-01-11 00:00:00+00:00,AAPL,184.88841247558594,185.58999633789062,186.5399932861328,49128400.0
8,2024-01-12 00:00:00+00:00,AAPL,185.2171630859375,185.9199981689453,186.05999755859375,40444700.0
9,2024-01-16 00:00:00+00:00,AAPL,182.93582153320312,183.6300048828125,182.16000366210938,65603000.0
10,2024-01-17 00:00:00+00:00,AAPL,181.98941040039062,182.67999267578125,181.27000427246094,47317400.0
11,2024-01-18 00:00:00+00:00,AAPL,187.91693115234375,188.6300048828125,186.08999633789062,78005800.0
12,2024-01-19 00:00:00+00:00,AAPL,190.83584594726562,191.55999755859375,189.3300018310547,68741000.0
13,2024-01-22 00:00:00+00:00,AAPL,193.1570281982422,193.88999938964844,192.3000030517578,60133900.0
14,2024-01-23 00:00:00+00:00,AAPL,194.44215393066406,195.17999267578125,195.02000427246094,42355600.0
15,2024-01-24 00:00:00+00:00,AAPL,193.7647247314453,194.5,195.4199981689453,53631300.0
16,2024-01-25 00:00:00+00:00,AAPL,193.43597412109375,194.1699981689453,195.22000122070312,54822100.0
17,2024-01-26 00:00:00+00:00,AAPL,191.69259643554688,192.4199981689453,194.27000427246094,44594000.0
18,2024-01-29 00:00:00+00:00,AAPL,191.0052032470703,191.72999572753906,192.00999450683594,47145600.0
19,2024-01-30 00:00:00+00:00,AAPL,187.3291473388672,188.0399932861328,190.94000244140625,55859400.0
20,2024-01-31 00:00:00+00:00,AAPL,183.70291137695312,184.39999389648438,187.0399932861328,55467800.0
21,2024-02-01 00:00:00+00:00,AAPL,186.15362548828125,186.86000061035156,183.99000549316406,64885400.0
22,2024-02-02 00:00:00+00:00,AAPL,185.14743041992188,185.85000610351562,179.86000061035156,102518000.0
23,2024-02-05 00:00:00+00:00,AAPL,186.9705047607422,187.67999267578125,188.14999389648438,69668800.0
24,2024-02-06 00:00:00+00:00,AAPL,188.5843963623047,189.3000030517578,186.86000061035156,43490800.0
25,2024-02-07 00:00:00+00:00,AAPL,188.69398498535156,189.41000366210938,190.63999938964844,53439000.0
26,2024-02-08 00:00:00+00:00,AAPL,187.6081085205078,188.32000732421875,189.38999938964844,40962000.0
27,2024-02-09 00:00:00+00:00,AAPL,188.37615966796875,188.85000610351562,188.64999389648438,45155200.0
28,2024-02-12 00:00:00+00:00,AAPL,186.680419921875,187.14999389648438,188.4199981689453,41781900.0
29,2024-02-13 00:00:00+00:00,AAPL,184.57571411132812,185.0399932861328,185.77000427246094,56529500.0
30,2024-02-14 00:00:00+00:00,AAPL,183.6879425048828,184.14999389648438,185.32000732421875,54630500.0
31,2024-02-15 00:00:00+00:00,AAPL,183.398681640625,183.86000061035156,183.5500030517578,65434500.0
32,2024-02-16 00:00:00+00:00,AAPL,181.85255432128906,182.30999755859375,183.4199981689453,49701400.0
33,2024-02-20 00:00:00+00:00,AAPL,181.1044464111328,181.55999755859375,181.7899932861328,53665600.0
34,2024-02-21 00:00:00+00:00,AAPL,181.862548828125,182.32000732421875,181.94000244140625,41529700.0
35,2024-02-22 00:00:00+00:00,AAPL,183.9073944091797,184.3699951171875,183.47999572753906,52292200.0
36,2024-02-23 00:00:00+00:00,AAPL,182.06204223632812,182.52000427246094,185.00999450683594,45119700.0
37,2024-02-26 00:00:00+00:00,AAPL,180.70545959472656,181.16000366210938,182.24000549316406,40867400.0
38,2024-02-27 00:00:00+00:00,AAPL,182.17176818847656,182.6300048828125,181.10000610351562,54318900.0
39,2024-02-28 00:00:00+00:00,AAPL,180.9647979736328,181.4199981689453,182.50999450683594,48953900.0
40,2024-02-29 00:00:00+00:00,AAPL,180.29647827148438,180.75,181.27000427246094,136682600.0
41,2024-03-01 00:00:00+00:00,AAPL,179.209228515625,179.66000366210938,179.5500030517578,73488000.0
42,2024-03-04 00:00:00+00:00,AAPL,174.66065979003906,175.10000610351562,176.14999389648438,81510100.0
43,2024-03-05 00:00:00+00:00,AAPL,169.6931610107422,170.1199951171875,170.75999450683594,95132400.0
44,2024-03-06 00:00:00+00:00,AAPL,168.69564819335938,169.1199951171875,171.05999755859375,68587700.0
45,2024-03-07 00:00:00+00:00,AAPL,168.57595825195312,169.0,169.14999389648438,71765100.0
46,2024-03-08 00:00:00+00:00,AAPL,170.30160522460938,170.72999572753906,169.0,76114600.0
47,2024-03-11 00:00:00+00:00,AAPL,172.31655883789062,172.75,172.94000244140625,60139500.0
48,2024-03-12 00:00:00+00:00,AAPL,172.7953338623047,173.22999572753906,173.14999389648438,59825400.0
49,2024-03-13 00:00:00+00:00,AAPL,170.70062255859375,171.1300048828125,172.77000427246094,52488700.0
50,2024-03-14 00:00:00+00:00,AAPL,172.56593322753906,173.0,172.91000366210938,72913500.0
51,2024-03-15 00:00:00+00:00,AAPL,172.18687438964844,172.6199951171875,171.1699981689453,121664700.0
52,2024-03-18 00:00:00+00:00,AAPL,173.28411865234375,173.72000122070312,175.57000732421875,75604200.0
53,2024-03-19 00:00:00+00:00,AAPL,175.63819885253906,176.0800018310547,174.33999633789062,55215200.0
54,2024-03-20 00:00:00+00:00,AAPL,178.22171020507812,178.6699981689453,175.72000122070312,53423100.0
55,2024-03-21 00:00:00+00:00,AAPL,170.9400177001953,171.3699951171875,177.0500030517578,106181300.0
56,2024-03-22 00:00:00+00:00,AAPL,171.8477325439453,172.27999877929688,171.75999450683594,71106600.0
57,2024-03-25 00:00:00+00:00,AAPL,170.42132568359375,170.85000610351562,170.57000732421875,54288300.0
58,2024-03-26 00:00:00+00:00,AAPL,169.28419494628906,169.7100067138672,170.0,57388400.0
59,2024-03-27 00:00:00+00:00,AAPL,172.87513732910156,173.30999755859375,170.41000366210938,60273300.0
60,2024-03-28 00:00:00+00:00,AAPL,171.04974365234375,171.47999572753906,171.75,65672700.0
61,2024-04-01 00:00:00+00:00,AAPL,169.60337829589844,170.02999877929688,171.19000244140625,46240500.0
62,2024-04-02 00:00:00+00:00,AAPL,168.41635131835938,168.83999633789062,169.0800018310547,49329500.0
63,2024-04-03 00:00:00+00:00,AAPL,169.2243194580078,169.64999389648438,168.7899932861328,47691700.0
64,2024-04-04 00:00:00+00:00,AAPL,168.39642333984375,168.82000732421875,170.2899932861328,53704400.0
65,2024-04-05 00:00:00+00:00,AAPL,169.1544952392578,169.5800018310547,169.58999633789062,42055200.0
66,2024-04-08 00:00:00+00:00,AAPL,168.02734375,168.4499969482422,169.02999877929688,37425500.0
67,2024-04-09 00:00:00+00:00,AAPL,169.24427795410156,169.6699981689453,168.6999969482422,42451200.0
68,2024-04-10 00:00:00+00:00,AAPL,167.35902404785156,167.77999877929688,168.8000030517578,49709300.0
69,2024-04-11 00:00:00+00:00,AAPL,174.60079956054688,175.0399932861328,168.33999633789062,91070300.0
70,2024-04-12 00:00:00+00:00,AAPL,176.10702514648438,176.5500030517578,174.25999450683594,101593300.0
71,2024-04-15 00:00:00+00:00,AAPL,172.25669860839844,172.69000244140625,175.36000061035156,73531800.0
72,2024-04-16 00:00:00+00:00,AAPL,168.95501708984375,169.3800048828125,171.75,73711200.0
73,2024-04-17 00:00:00+00:00,AAPL,167.57847595214844,168.0,169.61000061035156,50901200.0
74,2024-04-18 00:00:00+00:00,AAPL,166.62088012695312,167.0399932861328,168.02999877929688,43122900.0
75,2024-04-19 00:00:00+00:00,AAPL,164.58599853515625,165.0,166.2100067138672,67772100.0
76,2024-04-22 00:00:00+00:00,AAPL,165.4238739013672,165.83999633789062,165.52000427246094,48116400.0
77,2024-04-23 00:00:00+00:00,AAPL,166.48121643066406,166.89999389648438,165.35000610351562,49537800.0
78,2024-04-24 00:00:00+00:00,AAPL,168.59591674804688,169.02000427246094,166.5399932861328,48251800.0
79,2024-04-25 00:00:00+00:00,AAPL,169.46372985839844,169.88999938964844,169.52999877929688,50558300.0
80,2024-04-26 00:00:00+00:00,AAPL,168.87521362304688,169.3000030517578,169.8800048828125,44838400.0
81,2024-04-29 00:00:00+00:00,AAPL,173.06466674804688,173.5,173.3699951171875,68169400.0
82,2024-04-30 00:00:00+00:00,AAPL,169.9026336669922,170.3300018310547,173.3300018310547,65934800.0
83,2024-05-01 00:00:00+00:00,AAPL,168.87521362304688,169.3000030517578,169.5800018310547,50383100.0
84,2024-05-02 00:00:00+00:00,AAPL,172.59584045410156,173.02999877929688,172.50999450683594,94214900.0
85,2024-05-03 00:00:00+00:00,AAPL,182.9198760986328,183.3800048828125,186.64999389648438,163224100.0
86,2024-05-06 00:00:00+00:00,AAPL,181.25408935546875,181.7100067138672,182.35000610351562,78569700.0
87,2024-05-07 00:00:00+00:00,AAPL,181.94232177734375,182.39999389648438,183.4499969482422,77305800.0
88,2024-05-08 00:00:00+00:00,AAPL,182.281494140625,182.74000549316406,182.85000610351562,45057100.0
89,2024-05-09 00:00:00+00:00,AAPL,184.10690307617188,184.57000732421875,182.55999755859375,48983000.0
90,2024-05-10 00:00:00+00:00,AAPL,182.83836364746094,183.0500030517578,184.89999389648438,50759500.0
91,2024-05-13 00:00:00+00:00,AAPL,186.06463623046875,186.27999877929688,185.44000244140625,72044800.0
92,2024-05-14 00:00:00+00:00,AAPL,187.2133026123047,187.42999267578125,187.50999450683594,52393600.0
93,2024-05-15 00:00:00+00:00,AAPL,189.5006561279297,189.72000122070312,187.91000366210938,70400000.0
94,2024-05-16 00:00:00+00:00,AAPL,189.62051391601562,189.83999633789062,190.47000122070312,52845200.0
95,2024-05-17 00:00:00+00:00,AAPL,189.65048217773438,189.8699951171875,189.50999450683594,41282900.0
96,2024-05-20 00:00:00+00:00,AAPL,190.81912231445312,191.0399932861328,189.3300018310547,44361300.0
97,2024-05-21 00:00:00+00:00,AAPL,192.12762451171875,192.35000610351562,191.08999633789062,42309400.0
98,2024-05-22 00:00:00+00:00,AAPL,190.67929077148438,190.89999389648438,192.27000427246094,34648500.0
99,2024-05-23 00:00:00+00:00,AAPL,186.6639404296875,186.8800048828125,190.97999572753906,51005900.0
100,2024-05-24 00:00:00+00:00,AAPL,189.76034545898438,189.97999572753906,188.82000732421875,36294600.0
101,2024-05-28 00:00:00+00:00,AAPL,189.77035522460938,189.99000549316406,191.50999450683594,52280100.0
102,2024-05-29 00:00:00+00:00,AAPL,190.0699920654297,190.2899932861328,189.61000061035156,53068000.0
103,2024-05-30 00:00:00+00:00,AAPL,191.06883239746094,191.2899932861328,190.75999450683594,49947900.0
104,2024-05-31 00:00:00+00:00,AAPL,192.02772521972656,192.25,191.44000244140625,75158300.0
105,2024-06-03 00:00:00+00:00,AAPL,193.8056640625,194.02999877929688,192.89999389648438,50080500.0
106,2024-06-04 00:00:00+00:00,AAPL,194.12530517578125,194.35000610351562,194.63999938964844,47471400.0
107,2024-06-05 00:00:00+00:00,AAPL,195.64353942871094,195.8699951171875,195.39999389648438,54156800.0
108,2024-06-06 00:00:00+00:00,AAPL,194.25514221191406,194.47999572753906,195.69000244140625,41181800.0
109,2024-06-07 00:00:00+00:00,AAPL,196.66236877441406,196.88999938964844,194.64999389648438,53103900.0
110,2024-06-10 00:00:00+00:00,AAPL,192.89671325683594,193.1199951171875,196.89999389648438,97262100.0
111,2024-06-11 00:00:00+00:00,AAPL,206.91049194335938,207.14999389648438,193.64999389648438,172373300.0
112,2024-06-12 00:00:00+00:00,AAPL,212.82366943359375,213.07000732421875,207.3699951171875,198134300.0
113,2024-06-13 00:00:00+00:00,AAPL,213.9923095703125,214.24000549316406,214.74000549316406,97862700.0
114,2024-06-14 00:00:00+00:00,AAPL,212.2443389892578,212.49000549316406,213.85000610351562,70122700.0
115,2024-06-17 00:00:00+00:00,AAPL,216.41949462890625,216.6699981689453,213.3699951171875,93728300.0
116,2024-06-18 00:00:00+00:00,AAPL,214.042236328125,214.2899932861328,217.58999633789062,79943300.0
117,2024-06-20 00:00:00+00:00,AAPL,209.4375762939453,209.67999267578125,213.92999267578125,86172500.0
118,2024-06-21 00:00:00+00:00,AAPL,207.2501220703125,207.49000549316406,210.38999938964844,246421400.0
119,2024-06-24 00:00:00+00:00,AAPL,207.89935302734375,208.13999938964844,207.72000122070312,80727000.0
120,2024-06-25 00:00:00+00:00,AAPL,208.8282928466797,209.07000732421875,209.14999389648438,56713900.0
121,2024-06-26 00:00:00+00:00,AAPL,213.00344848632812,213.25,211.5,66213200.0
122,2024-06-27 00:00:00+00:00,AAPL,213.85247802734375,214.10000610351562,214.69000244140625,49772700.0
123,2024-06-28 00:00:00+00:00,AAPL,210.37648010253906,210.6199951171875,215.77000427246094,82542700.0
124,2024-07-01 00:00:00+00:00,AAPL,216.49940490722656,216.75,212.08999633789062,60402900.0
125,2024-07-02 00:00:00+00:00,AAPL,220.0153350830078,220.27000427246094,216.14999389648438,58046200.0
126,2024-07-03 00:00:00+00:00,AAPL,221.29385375976562,221.5500030517578,220.0,37369800.0
127,2024-07-05 00:00:00+00:00,AAPL,226.07830810546875,226.33999633789062,221.64999389648438,60412400.0
128,2024-07-08 00:00:00+00:00,AAPL,227.55661010742188,227.82000732421875,227.08999633789062,59085900.0
129,2024-07-09 00:00:00+00:00,AAPL,228.4156036376953,228.67999267578125,227.92999267578125,48076100.0
130,2024-07-10 00:00:00+00:00,AAPL,232.71063232421875,232.97999572753906,229.3000030517578,62627700.0
131,2024-07-11 00:00:00+00:00,AAPL,227.30690002441406,227.57000732421875,231.38999938964844,64710600.0
132,2024-07-12 00:00:00+00:00,AAPL,230.27345275878906,230.5399932861328,228.9199981689453,53046500.0
133,2024-07-15 00:00:00+00:00,AAPL,234.12899780273438,234.39999389648438,236.47999572753906,62631300.0
134,2024-07-16 00:00:00+00:00,AAPL,234.54852294921875,234.82000732421875,235.0,43234300.0
135,2024-07-17 00:00:00+00:00,AAPL,228.61538696289062,228.8800048828125,229.4499969482422,57345900.0
136,2024-07-18 00:00:00+00:00,AAPL,223.92080688476562,224.17999267578125,230.27999877929688,66034600.0
137,2024-07-19 00:00:00+00:00,AAPL,224.0506591796875,224.30999755859375,224.82000732421875,49151500.0
138,2024-07-22 00:00:00+00:00,AAPL,223.70108032226562,223.9600067138672,227.00999450683594,48201800.0
139,2024-07-23 00:00:00+00:00,AAPL,224.74984741210938,225.00999450683594,224.3699951171875,39960300.0
140,2024-07-24 00:00:00+00:00,AAPL,218.28732299804688,218.5399932861328,224.0,61777600.0
141,2024-07-25 00:00:00+00:00,AAPL,217.23855590820312,217.49000549316406,218.92999267578125,51391200.0
142,2024-07-26 00:00:00+00:00,AAPL,217.7080078125,217.9600067138672,218.6999969482422,41601300.0
143,2024-07-29 00:00:00+00:00,AAPL,217.98768615722656,218.24000549316406,216.9600067138672,36311800.0
144,2024-07-30 00:00:00+00:00,AAPL,218.5470428466797,218.8000030517578,219.19000244140625,41643800.0
145,2024-07-31 00:00:00+00:00,AAPL,221.8232421875,222.0800018310547,221.44000244140625,50036300.0
146,2024-08-01 00:00:00+00:00,AAPL,218.1075439453125,218.36000061035156,224.3699951171875,62501000.0
147,2024-08-02 00:00:00+00:00,AAPL,219.60580444335938,219.86000061035156,219.14999389648438,105568600.0
148,2024-08-05 00:00:00+00:00,AAPL,209.02806091308594,209.27000427246094,199.08999633789062,119548600.0
149,2024-08-06 00:00:00+00:00,AAPL,206.9904022216797,207.22999572753906,205.3000030517578,69660500.0
150,2024-08-07 00:00:00+00:00,AAPL,209.57742309570312,209.82000732421875,206.89999389648438,63516400.0
151,2024-08-08 00:00:00+00:00,AAPL,213.06338500976562,213.30999755859375,213.11000061035156,47161100.0
152,2024-08-09 00:00:00+00:00,AAPL,215.99000549316406,216.24000549316406,212.10000610351562,42201600.0
153,2024-08-12 00:00:00+00:00,AAPL,217.52999877929688,217.52999877929688,216.07000732421875,38028100.0
154,2024-08-13 00:00:00+00:00,AAPL,221.27000427246094,221.27000427246094,219.00999450683594,44155300.0
155,2024-08-14 00:00:00+00:00,AAPL,221.72000122070312,221.72000122070312,220.57000732421875,41960600.0
156,2024-08-15 00:00:00+00:00,AAPL,224.72000122070312,224.72000122070312,224.60000610351562,46414000.0
157,2024-08-16 00:00:00+00:00,AAPL,226.0500030517578,226.0500030517578,223.9199981689453,44340200.0
158,2024-08-19 00:00:00+00:00,AAPL,225.88999938964844,225.88999938964844,225.72000122070312,40687800.0
159,2024-08-20 00:00:00+00:00,AAPL,226.50999450683594,226.50999450683594,225.77000427246094,30299000.0
160,2024-08-21 00:00:00+00:00,AAPL,226.39999389648438,226.39999389648438,226.52000427246094,34765500.0
161,2024-08-22 00:00:00+00:00,AAPL,224.52999877929688,224.52999877929688,227.7899932861328,43695300.0
162,2024-08-23 00:00:00+00:00,AAPL,226.83999633789062,226.83999633789062,225.66000366210938,38677300.0
163,2024-08-26 00:00:00+00:00,AAPL,227.17999267578125,227.17999267578125,226.75999450683594,30602200.0
164,2024-08-27 00:00:00+00:00,AAPL,228.02999877929688,228.02999877929688,226.0,35934600.0
165,2024-08-28 00:00:00+00:00,AAPL,226.49000549316406,226.49000549316406,227.9199981689453,38052200.0
166,2024-08-29 00:00:00+00:00,AAPL,229.7899932861328,229.7899932861328,230.10000610351562,51906300.0
167,2024-08-30 00:00:00+00:00,AAPL,229.0,229.0,230.19000244140625,52990800.0
168,2024-09-03 00:00:00+00:00,AAPL,222.77000427246094,222.77000427246094,228.5500030517578,50190600.0
169,2024-09-04 00:00:00+00:00,AAPL,220.85000610351562,220.85000610351562,221.66000366210938,43840200.0
170,2024-09-05 00:00:00+00:00,AAPL,222.3800048828125,222.3800048828125,221.6300048828125,36615400.0
171,2024-09-06 00:00:00+00:00,AAPL,220.82000732421875,220.82000732421875,223.9499969482422,48423000.0
172,2024-09-09 00:00:00+00:00,AAPL,220.91000366210938,220.91000366210938,220.82000732421875,67180000.0
173,2024-09-10 00:00:00+00:00,AAPL,220.11000061035156,220.11000061035156,218.9199981689453,51591000.0
174,2024-09-11 00:00:00+00:00,AAPL,222.66000366210938,222.66000366210938,221.4600067138672,44587100.0
175,2024-09-12 00:00:00+00:00,AAPL,222.77000427246094,222.77000427246094,222.5,37498200.0
176,2024-01-02 00:00:00+00:00,AMZN,149.92999267578125,149.92999267578125,151.5399932861328,47339400.0
177,2024-01-03 00:00:00+00:00,AMZN,148.47000122070312,148.47000122070312,149.1999969482422,49425500.0
178,2024-01-04 00:00:00+00:00,AMZN,144.57000732421875,144.57000732421875,145.58999633789062,56039800.0
179,2024-01-05 00:00:00+00:00,AMZN,145.24000549316406,145.24000549316406,144.69000244140625,45124800.0
180,2024-01-08 00:00:00+00:00,AMZN,149.10000610351562,149.10000610351562,146.74000549316406,46757100.0
181,2024-01-09 00:00:00+00:00,AMZN,151.3699951171875,151.3699951171875,148.3300018310547,43812600.0
182,2024-01-10 00:00:00+00:00,AMZN,153.72999572753906,153.72999572753906,152.05999755859375,44421800.0
183,2024-01-11 00:00:00+00:00,AMZN,155.17999267578125,155.17999267578125,155.0399932861328,49072700.0
184,2024-01-12 00:00:00+00:00,AMZN,154.6199951171875,154.6199951171875,155.38999938964844,40460300.0
185,2024-01-16 00:00:00+00:00,AMZN,153.16000366210938,153.16000366210938,153.52999877929688,41384600.0
186,2024-01-17 00:00:00+00:00,AMZN,151.7100067138672,151.7100067138672,151.49000549316406,34953400.0
187,2024-01-18 00:00:00+00:00,AMZN,153.5,153.5,152.77000427246094,37850200.0
188,2024-01-19 00:00:00+00:00,AMZN,155.33999633789062,155.33999633789062,153.8300018310547,51033700.0
189,2024-01-22 00:00:00+00:00,AMZN,154.77999877929688,154.77999877929688,156.88999938964844,43687500.0
190,2024-01-23 00:00:00+00:00,AMZN,156.02000427246094,156.02000427246094,154.85000610351562,37986000.0
191,2024-01-24 00:00:00+00:00,AMZN,156.8699951171875,156.8699951171875,157.8000030517578,48547300.0
192,2024-01-25 00:00:00+00:00,AMZN,157.75,157.75,156.9499969482422,43638600.0
193,2024-01-26 00:00:00+00:00,AMZN,159.1199951171875,159.1199951171875,158.4199981689453,51047400.0
194,2024-01-29 00:00:00+00:00,AMZN,161.25999450683594,161.25999450683594,159.33999633789062,45270400.0
195,2024-01-30 00:00:00+00:00,AMZN,159.0,159.0,160.6999969482422,45207400.0
196,2024-01-31 00:00:00+00:00,AMZN,155.1999969482422,155.1999969482422,157.0,50284400.0
197,2024-02-01 00:00:00+00:00,AMZN,159.27999877929688,159.27999877929688,155.8699951171875,76542400.0
198,2024-02-02 00:00:00+00:00,AMZN,171.80999755859375,171.80999755859375,169.19000244140625,117154900.0
199,2024-02-05 00:00:00+00:00,AMZN,170.30999755859375,170.30999755859375,170.1999969482422,55081300.0
200,2024-02-06 00:00:00+00:00,AMZN,169.14999389648438,169.14999389648438,169.38999938964844,42505500.0
201,2024-02-07 00:00:00+00:00,AMZN,170.52999877929688,170.52999877929688,169.47999572753906,47174100.0
202,2024-02-08 00:00:00+00:00,AMZN,169.83999633789062,169.83999633789062,169.64999389648438,42316500.0
203,2024-02-09 00:00:00+00:00,AMZN,174.4499969482422,174.4499969482422,170.89999389648438,56986000.0
204,2024-02-12 00:00:00+00:00,AMZN,172.33999633789062,172.33999633789062,174.8000030517578,51050400.0
205,2024-02-13 00:00:00+00:00,AMZN,168.63999938964844,168.63999938964844,167.72999572753906,56345100.0
206,2024-02-14 00:00:00+00:00,AMZN,170.97999572753906,170.97999572753906,169.2100067138672,42815500.0
207,2024-02-15 00:00:00+00:00,AMZN,169.8000030517578,169.8000030517578,170.5800018310547,49855200.0
208,2024-02-16 00:00:00+00:00,AMZN,169.50999450683594,169.50999450683594,168.74000549316406,48074600.0
209,2024-02-20 00:00:00+00:00,AMZN,167.0800018310547,167.0800018310547,167.8300018310547,41980300.0
210,2024-02-21 00:00:00+00:00,AMZN,168.58999633789062,168.58999633789062,168.94000244140625,44575600.0
211,2024-02-22 00:00:00+00:00,AMZN,174.5800018310547,174.5800018310547,173.10000610351562,55392400.0
212,2024-02-23 00:00:00+00:00,AMZN,174.99000549316406,174.99000549316406,174.27999877929688,59715200.0
213,2024-02-26 00:00:00+00:00,AMZN,174.72999572753906,174.72999572753906,175.6999969482422,44368600.0
214,2024-02-27 00:00:00+00:00,AMZN,173.5399932861328,173.5399932861328,174.0800018310547,31141700.0
215,2024-02-28 00:00:00+00:00,AMZN,173.16000366210938,173.16000366210938,172.44000244140625,28180500.0
216,2024-02-29 00:00:00+00:00,AMZN,176.75999450683594,176.75999450683594,173.00999450683594,53805400.0
217,2024-03-01 00:00:00+00:00,AMZN,178.22000122070312,178.22000122070312,176.75,31956200.0
218,2024-03-04 00:00:00+00:00,AMZN,177.5800018310547,177.5800018310547,177.52999877929688,37381500.0
219,2024-03-05 00:00:00+00:00,AMZN,174.1199951171875,174.1199951171875,176.92999267578125,37228300.0
220,2024-03-06 00:00:00+00:00,AMZN,173.50999450683594,173.50999450683594,175.5399932861328,32090900.0
221,2024-03-07 00:00:00+00:00,AMZN,176.82000732421875,176.82000732421875,174.8300018310547,34063300.0
222,2024-03-08 00:00:00+00:00,AMZN,175.35000610351562,175.35000610351562,176.44000244140625,37853500.0
223,2024-03-11 00:00:00+00:00,AMZN,171.9600067138672,171.9600067138672,174.30999755859375,28484800.0
224,2024-03-12 00:00:00+00:00,AMZN,175.38999938964844,175.38999938964844,173.5,36610600.0
225,2024-03-13 00:00:00+00:00,AMZN,176.55999755859375,176.55999755859375,175.89999389648438,30772600.0
226,2024-03-14 00:00:00+00:00,AMZN,178.75,178.75,177.69000244140625,43705800.0
227,2024-03-15 00:00:00+00:00,AMZN,174.4199981689453,174.4199981689453,176.63999938964844,72115500.0
228,2024-03-18 00:00:00+00:00,AMZN,174.47999572753906,174.47999572753906,175.8000030517578,31250700.0
229,2024-03-19 00:00:00+00:00,AMZN,175.89999389648438,175.89999389648438,174.22000122070312,26880900.0
230,2024-03-20 00:00:00+00:00,AMZN,178.14999389648438,178.14999389648438,176.13999938964844,29947200.0
231,2024-03-21 00:00:00+00:00,AMZN,178.14999389648438,178.14999389648438,179.99000549316406,32824300.0
232,2024-03-22 00:00:00+00:00,AMZN,178.8699951171875,178.8699951171875,177.75,27964100.0
233,2024-03-25 00:00:00+00:00,AMZN,179.7100067138672,179.7100067138672,178.00999450683594,29815500.0
234,2024-03-26 00:00:00+00:00,AMZN,178.3000030517578,178.3000030517578,180.14999389648438,29659000.0
235,2024-03-27 00:00:00+00:00,AMZN,179.8300018310547,179.8300018310547,179.8800048828125,33272600.0
236,2024-03-28 00:00:00+00:00,AMZN,180.3800048828125,180.3800048828125,180.1699981689453,38051600.0
237,2024-04-01 00:00:00+00:00,AMZN,180.97000122070312,180.97000122070312,180.7899932861328,29174500.0
238,2024-04-02 00:00:00+00:00,AMZN,180.69000244140625,180.69000244140625,179.07000732421875,32611500.0
239,2024-04-03 00:00:00+00:00,AMZN,182.41000366210938,182.41000366210938,179.89999389648438,31046600.0
240,2024-04-04 00:00:00+00:00,AMZN,180.0,180.0,184.0,41624300.0
241,2024-04-05 00:00:00+00:00,AMZN,185.07000732421875,185.07000732421875,182.3800048828125,42335200.0
242,2024-04-08 00:00:00+00:00,AMZN,185.19000244140625,185.19000244140625,186.89999389648438,39221300.0
243,2024-04-09 00:00:00+00:00,AMZN,185.6699981689453,185.6699981689453,187.24000549316406,36546900.0
244,2024-04-10 00:00:00+00:00,AMZN,185.9499969482422,185.9499969482422,182.77000427246094,35879200.0
245,2024-04-11 00:00:00+00:00,AMZN,189.0500030517578,189.0500030517578,186.74000549316406,40020700.0
246,2024-04-12 00:00:00+00:00,AMZN,186.1300048828125,186.1300048828125,187.72000122070312,38554300.0
247,2024-04-15 00:00:00+00:00,AMZN,183.6199951171875,183.6199951171875,187.42999267578125,48052400.0
248,2024-04-16 00:00:00+00:00,AMZN,183.32000732421875,183.32000732421875,183.27000427246094,32891300.0
249,2024-04-17 00:00:00+00:00,AMZN,181.27999877929688,181.27999877929688,184.30999755859375,31359700.0
250,2024-04-18 00:00:00+00:00,AMZN,179.22000122070312,179.22000122070312,181.47000122070312,30723800.0
251,2024-04-19 00:00:00+00:00,AMZN,174.6300048828125,174.6300048828125,178.74000549316406,55950000.0
252,2024-04-22 00:00:00+00:00,AMZN,177.22999572753906,177.22999572753906,176.94000244140625,37924900.0
253,2024-04-23 00:00:00+00:00,AMZN,179.5399932861328,179.5399932861328,178.0800018310547,37046500.0
254,2024-04-24 00:00:00+00:00,AMZN,176.58999633789062,176.58999633789062,179.94000244140625,34185100.0
255,2024-04-25 00:00:00+00:00,AMZN,173.6699981689453,173.6699981689453,169.67999267578125,49249400.0
256,2024-04-26 00:00:00+00:00,AMZN,179.6199951171875,179.6199951171875,177.8000030517578,43919800.0
257,2024-04-29 00:00:00+00:00,AMZN,180.9600067138672,180.9600067138672,182.75,54063900.0
258,2024-04-30 00:00:00+00:00,AMZN,175.0,175.0,181.08999633789062,94639800.0
259,2024-05-01 00:00:00+00:00,AMZN,179.0,179.0,181.63999938964844,94645100.0
260,2024-05-02 00:00:00+00:00,AMZN,184.72000122070312,184.72000122070312,180.85000610351562,54303500.0
261,2024-05-03 00:00:00+00:00,AMZN,186.2100067138672,186.2100067138672,186.99000549316406,39172000.0
262,2024-05-06 00:00:00+00:00,AMZN,188.6999969482422,188.6999969482422,186.27999877929688,34725300.0
263,2024-05-07 00:00:00+00:00,AMZN,188.75999450683594,188.75999450683594,188.9199981689453,34048900.0
264,2024-05-08 00:00:00+00:00,AMZN,188.0,188.0,187.44000244140625,26136400.0
265,2024-05-09 00:00:00+00:00,AMZN,189.5,189.5,188.8800048828125,43368400.0
266,2024-05-10 00:00:00+00:00,AMZN,187.47999572753906,187.47999572753906,189.16000366210938,34141800.0
267,2024-05-13 00:00:00+00:00,AMZN,186.57000732421875,186.57000732421875,188.0,24898600.0
268,2024-05-14 00:00:00+00:00,AMZN,187.07000732421875,187.07000732421875,183.82000732421875,38698200.0
269,2024-05-15 00:00:00+00:00,AMZN,185.99000549316406,185.99000549316406,185.97000122070312,75459900.0
270,2024-05-16 00:00:00+00:00,AMZN,183.6300048828125,183.6300048828125,185.60000610351562,38834500.0
271,2024-05-17 00:00:00+00:00,AMZN,184.6999969482422,184.6999969482422,183.75999450683594,33175700.0
272,2024-05-20 00:00:00+00:00,AMZN,183.5399932861328,183.5399932861328,184.33999633789062,30511800.0
273,2024-05-21 00:00:00+00:00,AMZN,183.14999389648438,183.14999389648438,182.3000030517578,50839100.0
274,2024-05-22 00:00:00+00:00,AMZN,183.1300048828125,183.1300048828125,183.8800048828125,28148800.0
275,2024-05-23 00:00:00+00:00,AMZN,181.0500030517578,181.0500030517578,183.66000366210938,33670200.0
276,2024-05-24 00:00:00+00:00,AMZN,180.75,180.75,181.64999389648438,27434100.0
277,2024-05-28 00:00:00+00:00,AMZN,182.14999389648438,182.14999389648438,179.92999267578125,29927000.0
278,2024-05-29 00:00:00+00:00,AMZN,182.02000427246094,182.02000427246094,181.6999969482422,32009300.0
279,2024-05-30 00:00:00+00:00,AMZN,179.32000732421875,179.32000732421875,181.30999755859375,29249200.0
280,2024-05-31 00:00:00+00:00,AMZN,176.44000244140625,176.44000244140625,178.3000030517578,58903900.0
281,2024-06-03 00:00:00+00:00,AMZN,178.33999633789062,178.33999633789062,177.6999969482422,30786600.0
282,2024-06-04 00:00:00+00:00,AMZN,179.33999633789062,179.33999633789062,177.63999938964844,27198400.0
283,2024-06-05 00:00:00+00:00,AMZN,181.27999877929688,181.27999877929688,180.10000610351562,32116400.0
284,2024-06-06 00:00:00+00:00,AMZN,185.0,185.0,181.75,31371200.0
285,2024-06-07 00:00:00+00:00,AMZN,184.3000030517578,184.3000030517578,184.89999389648438,28021500.0
286,2024-06-10 00:00:00+00:00,AMZN,187.05999755859375,187.05999755859375,184.07000732421875,34494500.0
287,2024-06-11 00:00:00+00:00,AMZN,187.22999572753906,187.22999572753906,187.05999755859375,27265100.0
288,2024-06-12 00:00:00+00:00,AMZN,186.88999938964844,186.88999938964844,188.02000427246094,33984200.0
289,2024-06-13 00:00:00+00:00,AMZN,183.8300018310547,183.8300018310547,186.08999633789062,39721500.0
290,2024-06-14 00:00:00+00:00,AMZN,183.66000366210938,183.66000366210938,183.0800018310547,25456400.0
291,2024-06-17 00:00:00+00:00,AMZN,184.05999755859375,184.05999755859375,182.52000427246094,35601900.0
292,2024-06-18 00:00:00+00:00,AMZN,182.80999755859375,182.80999755859375,183.74000549316406,36659200.0
293,2024-06-20 00:00:00+00:00,AMZN,186.10000610351562,186.10000610351562,182.91000366210938,44726800.0
294,2024-06-21 00:00:00+00:00,AMZN,189.0800018310547,189.0800018310547,187.8000030517578,72931800.0
295,2024-06-24 00:00:00+00:00,AMZN,185.57000732421875,185.57000732421875,189.3300018310547,50610400.0
296,2024-06-25 00:00:00+00:00,AMZN,186.33999633789062,186.33999633789062,186.80999755859375,45898500.0
297,2024-06-26 00:00:00+00:00,AMZN,193.61000061035156,193.61000061035156,186.9199981689453,65103900.0
298,2024-06-27 00:00:00+00:00,AMZN,197.85000610351562,197.85000610351562,195.00999450683594,74397500.0
299,2024-06-28 00:00:00+00:00,AMZN,193.25,193.25,197.72999572753906,76930200.0
300,2024-07-01 00:00:00+00:00,AMZN,197.1999969482422,197.1999969482422,193.49000549316406,41192000.0
301,2024-07-02 00:00:00+00:00,AMZN,200.0,200.0,197.27999877929688,45600000.0
302,2024-07-03 00:00:00+00:00,AMZN,197.58999633789062,197.58999633789062,199.94000244140625,31597900.0
303,2024-07-05 00:00:00+00:00,AMZN,200.0,200.0,198.64999389648438,39858900.0
304,2024-07-08 00:00:00+00:00,AMZN,199.2899932861328,199.2899932861328,200.0399932861328,34767300.0
305,2024-07-09 00:00:00+00:00,AMZN,199.33999633789062,199.33999633789062,199.39999389648438,32700100.0
306,2024-07-10 00:00:00+00:00,AMZN,199.7899932861328,199.7899932861328,200.0,32883800.0
307,2024-07-11 00:00:00+00:00,AMZN,195.0500030517578,195.0500030517578,200.08999633789062,44565000.0
308,2024-07-12 00:00:00+00:00,AMZN,194.49000549316406,194.49000549316406,194.8000030517578,30598500.0
309,2024-07-15 00:00:00+00:00,AMZN,192.72000122070312,192.72000122070312,194.55999755859375,40683200.0
310,2024-07-16 00:00:00+00:00,AMZN,193.02000427246094,193.02000427246094,195.58999633789062,33994700.0
311,2024-07-17 00:00:00+00:00,AMZN,187.92999267578125,187.92999267578125,191.35000610351562,48076100.0
312,2024-07-18 00:00:00+00:00,AMZN,183.75,183.75,189.58999633789062,51043600.0
313,2024-07-19 00:00:00+00:00,AMZN,183.1300048828125,183.1300048828125,181.13999938964844,43081800.0
314,2024-07-22 00:00:00+00:00,AMZN,182.5500030517578,182.5500030517578,185.0,39931900.0
315,2024-07-23 00:00:00+00:00,AMZN,186.41000366210938,186.41000366210938,184.10000610351562,47537700.0
316,2024-07-24 00:00:00+00:00,AMZN,180.8300018310547,180.8300018310547,183.1999969482422,41532400.0
317,2024-07-25 00:00:00+00:00,AMZN,179.85000610351562,179.85000610351562,182.91000366210938,44464200.0
318,2024-07-26 00:00:00+00:00,AMZN,182.5,182.5,180.38999938964844,29506000.0
319,2024-07-29 00:00:00+00:00,AMZN,183.1999969482422,183.1999969482422,183.83999633789062,33270100.0
320,2024-07-30 00:00:00+00:00,AMZN,181.7100067138672,181.7100067138672,184.72000122070312,39508600.0
321,2024-07-31 00:00:00+00:00,AMZN,186.97999572753906,186.97999572753906,185.0500030517578,41667300.0
322,2024-08-01 00:00:00+00:00,AMZN,184.07000732421875,184.07000732421875,189.2899932861328,70435600.0
323,2024-08-02 00:00:00+00:00,AMZN,167.89999389648438,167.89999389648438,166.75,141448400.0
324,2024-08-05 00:00:00+00:00,AMZN,161.02000427246094,161.02000427246094,154.2100067138672,83149400.0
325,2024-08-06 00:00:00+00:00,AMZN,161.92999267578125,161.92999267578125,161.7100067138672,59950800.0
326,2024-08-07 00:00:00+00:00,AMZN,162.77000427246094,162.77000427246094,166.5500030517578,48408200.0
327,2024-08-08 00:00:00+00:00,AMZN,165.8000030517578,165.8000030517578,165.1699981689453,44616200.0
328,2024-08-09 00:00:00+00:00,AMZN,166.94000244140625,166.94000244140625,166.39999389648438,36401000.0
329,2024-08-12 00:00:00+00:00,AMZN,166.8000030517578,166.8000030517578,168.13999938964844,30072800.0
330,2024-08-13 00:00:00+00:00,AMZN,170.22999572753906,170.22999572753906,167.80999755859375,39237900.0
331,2024-08-14 00:00:00+00:00,AMZN,170.10000610351562,170.10000610351562,172.11000061035156,28843800.0
332,2024-08-15 00:00:00+00:00,AMZN,177.58999633789062,177.58999633789062,174.86000061035156,51698500.0
333,2024-08-16 00:00:00+00:00,AMZN,177.05999755859375,177.05999755859375,177.0399932861328,31489200.0
334,2024-08-19 00:00:00+00:00,AMZN,178.22000122070312,178.22000122070312,177.63999938964844,31129800.0
335,2024-08-20 00:00:00+00:00,AMZN,178.8800048828125,178.8800048828125,177.9199981689453,26255200.0
336,2024-08-21 00:00:00+00:00,AMZN,180.11000061035156,180.11000061035156,179.9199981689453,35599100.0
337,2024-08-22 00:00:00+00:00,AMZN,176.1300048828125,176.1300048828125,181.3800048828125,32047500.0
338,2024-08-23 00:00:00+00:00,AMZN,177.0399932861328,177.0399932861328,177.33999633789062,29150100.0
339,2024-08-26 00:00:00+00:00,AMZN,175.5,175.5,176.6999969482422,22366200.0
340,2024-08-27 00:00:00+00:00,AMZN,173.1199951171875,173.1199951171875,174.14999389648438,29842000.0
341,2024-08-28 00:00:00+00:00,AMZN,170.8000030517578,170.8000030517578,173.69000244140625,29045000.0
342,2024-08-29 00:00:00+00:00,AMZN,172.1199951171875,172.1199951171875,173.22000122070312,26407800.0
343,2024-08-30 00:00:00+00:00,AMZN,178.5,178.5,172.77999877929688,43429400.0
344,2024-09-03 00:00:00+00:00,AMZN,176.25,176.25,177.5500030517578,37817500.0
345,2024-09-04 00:00:00+00:00,AMZN,173.3300018310547,173.3300018310547,174.47999572753906,30309200.0
346,2024-09-05 00:00:00+00:00,AMZN,177.88999938964844,177.88999938964844,175.0,40170500.0
347,2024-09-06 00:00:00+00:00,AMZN,171.38999938964844,171.38999938964844,177.24000549316406,41466500.0
348,2024-09-09 00:00:00+00:00,AMZN,175.39999389648438,175.39999389648438,174.52999877929688,29037400.0
349,2024-09-10 00:00:00+00:00,AMZN,179.5500030517578,179.5500030517578,177.49000549316406,36233800.0
350,2024-09-11 00:00:00+00:00,AMZN,184.52000427246094,184.52000427246094,180.10000610351562,42564700.0
351,2024-09-12 00:00:00+00:00,AMZN,187.0,187.0,184.8000030517578,33622500.0
352,2024-01-02 00:00:00+00:00,CVS,78.46854400634766,80.8499984741211,78.9000015258789,8780100.0
353,2024-01-03 00:00:00+00:00,CVS,78.4976577758789,80.87999725341797,81.4000015258789,6836200.0
354,2024-01-04 00:00:00+00:00,CVS,78.13856506347656,80.51000213623047,80.25,22085600.0
355,2024-01-05 00:00:00+00:00,CVS,79.02175903320312,81.41999816894531,80.62000274658203,21752600.0
356,2024-01-08 00:00:00+00:00,CVS,78.30355834960938,80.68000030517578,82.25,22172800.0
357,2024-01-09 00:00:00+00:00,CVS,77.99298095703125,80.36000061035156,80.55000305175781,20724500.0
358,2024-01-10 00:00:00+00:00,CVS,76.90597534179688,79.23999786376953,80.05000305175781,11833200.0
359,2024-01-11 00:00:00+00:00,CVS,76.6051025390625,78.93000030517578,79.37000274658203,15508100.0
360,2024-01-12 00:00:00+00:00,CVS,74.30490112304688,76.55999755859375,77.5999984741211,15456700.0
361,2024-01-16 00:00:00+00:00,CVS,75.13957977294922,77.41999816894531,76.6500015258789,12435000.0
362,2024-01-17 00:00:00+00:00,CVS,74.72224426269531,76.98999786376953,77.12999725341797,7922200.0
363,2024-01-18 00:00:00+00:00,CVS,71.70384216308594,73.87999725341797,73.12999725341797,14358600.0
364,2024-01-19 00:00:00+00:00,CVS,71.70874786376953,73.22000122070312,73.25,16067800.0
365,2024-01-22 00:00:00+00:00,CVS,72.40409088134766,73.93000030517578,73.37999725341797,13278400.0
366,2024-01-23 00:00:00+00:00,CVS,73.54994201660156,75.0999984741211,73.98999786376953,7168800.0
367,2024-01-24 00:00:00+00:00,CVS,72.65872955322266,74.19000244140625,75.98999786376953,17535800.0
368,2024-01-25 00:00:00+00:00,CVS,70.50413513183594,71.98999786376953,71.5,27493900.0
369,2024-01-26 00:00:00+00:00,CVS,71.4932861328125,73.0,72.66000366210938,11689200.0
370,2024-01-29 00:00:00+00:00,CVS,71.96337890625,73.4800033569336,72.91999816894531,10291700.0
371,2024-01-30 00:00:00+00:00,CVS,72.32574462890625,73.8499984741211,74.0,7220000.0
372,2024-01-31 00:00:00+00:00,CVS,72.83500671386719,74.37000274658203,74.31999969482422,8678700.0
373,2024-02-01 00:00:00+00:00,CVS,72.39430236816406,73.91999816894531,74.43000030517578,10532300.0
374,2024-02-02 00:00:00+00:00,CVS,71.5814208984375,73.08999633789062,74.0,10539500.0
375,2024-02-05 00:00:00+00:00,CVS,70.9448471069336,72.44000244140625,73.08999633789062,23864100.0
376,2024-02-06 00:00:00+00:00,CVS,72.23760223388672,73.76000213623047,72.44000244140625,11651700.0
377,2024-02-07 00:00:00+00:00,CVS,74.48033905029297,76.05000305175781,75.1500015258789,14953200.0
378,2024-02-08 00:00:00+00:00,CVS,73.53036499023438,75.08000183105469,75.86000061035156,12115600.0
379,2024-02-09 00:00:00+00:00,CVS,74.74476623535156,76.31999969482422,75.0,9000500.0
380,2024-02-12 00:00:00+00:00,CVS,75.69474029541016,77.29000091552734,76.0,11201500.0
381,2024-02-13 00:00:00+00:00,CVS,75.00918579101562,76.58999633789062,77.0999984741211,8859800.0
382,2024-02-14 00:00:00+00:00,CVS,74.8329086303711,76.41000366210938,76.76000213623047,9769200.0
383,2024-02-15 00:00:00+00:00,CVS,75.01898193359375,76.5999984741211,76.72000122070312,13529900.0
384,2024-02-16 00:00:00+00:00,CVS,75.50865936279297,77.0999984741211,76.75,8240600.0
385,2024-02-20 00:00:00+00:00,CVS,74.73497009277344,76.30999755859375,76.91999816894531,6924000.0
386,2024-02-21 00:00:00+00:00,CVS,75.55763244628906,77.1500015258789,76.31999969482422,18723200.0
387,2024-02-22 00:00:00+00:00,CVS,75.50865936279297,77.0999984741211,77.1500015258789,5698600.0
388,2024-02-23 00:00:00+00:00,CVS,75.60659790039062,77.19999694824219,77.29000091552734,4337200.0
389,2024-02-26 00:00:00+00:00,CVS,74.85249328613281,76.43000030517578,77.4000015258789,5296400.0
390,2024-02-27 00:00:00+00:00,CVS,74.69579315185547,76.2699966430664,76.45999908447266,5245100.0
391,2024-02-28 00:00:00+00:00,CVS,73.6380844116211,75.19000244140625,76.08999633789062,6782700.0
392,2024-02-29 00:00:00+00:00,CVS,72.83500671386719,74.37000274658203,75.6500015258789,14536300.0
393,2024-03-01 00:00:00+00:00,CVS,72.31594848632812,73.83999633789062,74.62999725341797,8494900.0
394,2024-03-04 00:00:00+00:00,CVS,72.36491394042969,73.88999938964844,73.95999908447266,13748500.0
395,2024-03-05 00:00:00+00:00,CVS,72.18862915039062,73.70999908447266,74.1500015258789,14982800.0
396,2024-03-06 00:00:00+00:00,CVS,72.80562591552734,74.33999633789062,73.56999969482422,8839800.0
397,2024-03-07 00:00:00+00:00,CVS,72.7664566040039,74.30000305175781,74.3499984741211,6711800.0
398,2024-03-08 00:00:00+00:00,CVS,73.52056121826172,75.06999969482422,74.3499984741211,6081900.0
399,2024-03-11 00:00:00+00:00,CVS,74.37260437011719,75.94000244140625,74.75,6267800.0
400,2024-03-12 00:00:00+00:00,CVS,73.65766906738281,75.20999908447266,75.81999969482422,4637900.0
401,2024-03-13 00:00:00+00:00,CVS,73.53036499023438,75.08000183105469,75.1500015258789,5155700.0
402,2024-03-14 00:00:00+00:00,CVS,74.84269714355469,76.41999816894531,74.7699966430664,7849100.0
403,2024-03-15 00:00:00+00:00,CVS,75.8024673461914,77.4000015258789,75.5999984741211,17144800.0
404,2024-03-18 00:00:00+00:00,CVS,75.96896362304688,77.56999969482422,77.26000213623047,7117400.0
405,2024-03-19 00:00:00+00:00,CVS,76.44884490966797,78.05999755859375,77.88999938964844,7178000.0
406,2024-03-20 00:00:00+00:00,CVS,77.34986877441406,78.9800033569336,77.73999786376953,6446400.0
407,2024-03-21 00:00:00+00:00,CVS,76.65451049804688,78.2699966430664,78.58999633789062,8800000.0
408,2024-03-22 00:00:00+00:00,CVS,76.86018371582031,78.4800033569336,78.37999725341797,11110100.0
409,2024-03-25 00:00:00+00:00,CVS,77.34986877441406,78.9800033569336,78.83000183105469,7956600.0
410,2024-03-26 00:00:00+00:00,CVS,77.68284606933594,79.31999969482422,77.66000366210938,10158900.0
411,2024-03-27 00:00:00+00:00,CVS,77.79057312011719,79.43000030517578,79.55000305175781,10263500.0
412,2024-03-28 00:00:00+00:00,CVS,78.11376190185547,79.76000213623047,79.54000091552734,8981300.0
413,2024-04-01 00:00:00+00:00,CVS,77.91788482666016,79.55999755859375,79.7300033569336,8967700.0
414,2024-04-02 00:00:00+00:00,CVS,72.2963638305664,73.81999969482422,74.87999725341797,23677300.0
415,2024-04-03 00:00:00+00:00,CVS,73.06025695800781,74.5999984741211,74.04000091552734,9200700.0
416,2024-04-04 00:00:00+00:00,CVS,72.37471771240234,73.9000015258789,74.87999725341797,5816300.0
417,2024-04-05 00:00:00+00:00,CVS,73.04067993164062,74.58000183105469,74.05999755859375,6366400.0
418,2024-04-08 00:00:00+00:00,CVS,72.903564453125,74.44000244140625,74.41000366210938,6497000.0
419,2024-04-09 00:00:00+00:00,CVS,71.84585571289062,73.36000061035156,74.73999786376953,5935400.0
420,2024-04-10 00:00:00+00:00,CVS,69.68147277832031,71.1500015258789,73.0999984741211,8366100.0
421,2024-04-11 00:00:00+00:00,CVS,68.30056762695312,69.73999786376953,71.12000274658203,10455300.0
422,2024-04-12 00:00:00+00:00,CVS,67.22327423095703,68.63999938964844,69.54000091552734,7690200.0
423,2024-04-15 00:00:00+00:00,CVS,67.53667449951172,68.95999908447266,69.12000274658203,7236200.0
424,2024-04-16 00:00:00+00:00,CVS,67.605224609375,69.02999877929688,71.66000366210938,9607400.0
425,2024-04-17 00:00:00+00:00,CVS,67.18409729003906,68.5999984741211,69.08999633789062,8100100.0
426,2024-04-18 00:00:00+00:00,CVS,67.95779418945312,69.38999938964844,69.16999816894531,10087100.0
427,2024-04-19 00:00:00+00:00,CVS,68.97135925292969,69.75,69.16999816894531,7808800.0
428,2024-04-22 00:00:00+00:00,CVS,68.85269165039062,69.62999725341797,69.48999786376953,5701600.0
429,2024-04-23 00:00:00+00:00,CVS,67.73531341552734,68.5,69.81999969482422,8450700.0
430,2024-04-24 00:00:00+00:00,CVS,67.01345825195312,67.7699966430664,68.0999984741211,8652000.0
431,2024-04-25 00:00:00+00:00,CVS,66.57837677001953,67.33000183105469,67.5,8918200.0
432,2024-04-26 00:00:00+00:00,CVS,66.43004608154297,67.18000030517578,67.20999908447266,6396400.0
433,2024-04-29 00:00:00+00:00,CVS,66.69702911376953,67.44999694824219,67.13999938964844,6538900.0
434,2024-04-30 00:00:00+00:00,CVS,66.95413208007812,67.70999908447266,67.19999694824219,13488500.0
435,2024-05-01 00:00:00+00:00,CVS,55.681392669677734,56.310001373291016,56.0,65673500.0
436,2024-05-02 00:00:00+00:00,CVS,54.53434371948242,55.150001525878906,56.38999938964844,37885200.0
437,2024-05-03 00:00:00+00:00,CVS,55.275970458984375,55.900001525878906,55.220001220703125,23946100.0
438,2024-05-06 00:00:00+00:00,CVS,55.34518814086914,55.970001220703125,55.9900016784668,16620100.0
439,2024-05-07 00:00:00+00:00,CVS,55.11775588989258,55.7400016784668,55.65999984741211,17488100.0
440,2024-05-08 00:00:00+00:00,CVS,54.297019958496094,54.90999984741211,55.790000915527344,13625300.0
441,2024-05-09 00:00:00+00:00,CVS,55.05842590332031,55.68000030517578,54.900001525878906,10300500.0
442,2024-05-10 00:00:00+00:00,CVS,55.196861267089844,55.81999969482422,55.720001220703125,9288400.0
443,2024-05-13 00:00:00+00:00,CVS,55.83960723876953,56.470001220703125,55.90999984741211,11767600.0
444,2024-05-14 00:00:00+00:00,CVS,55.37485122680664,56.0,56.689998626708984,15410700.0
445,2024-05-15 00:00:00+00:00,CVS,55.6319465637207,56.2599983215332,56.209999084472656,16431000.0
446,2024-05-16 00:00:00+00:00,CVS,56.87788391113281,57.52000045776367,56.36000061035156,13974800.0
447,2024-05-17 00:00:00+00:00,CVS,57.03609848022461,57.68000030517578,57.650001525878906,9607700.0
448,2024-05-20 00:00:00+00:00,CVS,56.75922393798828,57.400001525878906,57.650001525878906,11475900.0
449,2024-05-21 00:00:00+00:00,CVS,56.68011474609375,57.31999969482422,57.45000076293945,16758100.0
450,2024-05-22 00:00:00+00:00,CVS,56.79877471923828,57.439998626708984,57.41999816894531,9543900.0
451,2024-05-23 00:00:00+00:00,CVS,55.02875900268555,55.650001525878906,57.18000030517578,18271100.0
452,2024-05-24 00:00:00+00:00,CVS,54.919986724853516,55.540000915527344,56.130001068115234,11719700.0
453,2024-05-28 00:00:00+00:00,CVS,53.03131103515625,53.630001068115234,55.380001068115234,14387100.0
454,2024-05-29 00:00:00+00:00,CVS,53.07086181640625,53.66999816894531,53.20000076293945,16543400.0
455,2024-05-30 00:00:00+00:00,CVS,55.414405822753906,56.040000915527344,53.66999816894531,16154300.0
456,2024-05-31 00:00:00+00:00,CVS,58.934661865234375,59.599998474121094,56.0,22366700.0
457,2024-06-03 00:00:00+00:00,CVS,59.5378532409668,60.209999084472656,59.130001068115234,17087300.0
458,2024-06-04 00:00:00+00:00,CVS,59.58729553222656,60.2599983215332,60.189998626708984,12873100.0
459,2024-06-05 00:00:00+00:00,CVS,60.02238464355469,60.70000076293945,60.2599983215332,8933000.0
460,2024-06-06 00:00:00+00:00,CVS,60.25970458984375,60.939998626708984,60.5,9545900.0
461,2024-06-07 00:00:00+00:00,CVS,61.090328216552734,61.779998779296875,60.70000076293945,12240000.0
462,2024-06-10 00:00:00+00:00,CVS,59.60707092285156,60.279998779296875,61.529998779296875,10633400.0
463,2024-06-11 00:00:00+00:00,CVS,59.3302001953125,60.0,60.08000183105469,10286300.0
464,2024-06-12 00:00:00+00:00,CVS,59.3203125,59.9900016784668,59.959999084472656,10617900.0
465,2024-06-13 00:00:00+00:00,CVS,60.348697662353516,61.029998779296875,59.869998931884766,14136600.0
466,2024-06-14 00:00:00+00:00,CVS,59.54774475097656,60.220001220703125,60.91999816894531,11690800.0
467,2024-06-17 00:00:00+00:00,CVS,60.40803146362305,61.09000015258789,60.0,7791300.0
468,2024-06-18 00:00:00+00:00,CVS,60.328922271728516,61.0099983215332,61.29999923706055,8908800.0
469,2024-06-20 00:00:00+00:00,CVS,60.319034576416016,61.0,60.810001373291016,6899500.0
470,2024-06-21 00:00:00+00:00,CVS,60.68490219116211,61.369998931884766,61.119998931884766,20871300.0
471,2024-06-24 00:00:00+00:00,CVS,61.04088592529297,61.72999954223633,61.5,8704700.0
472,2024-06-25 00:00:00+00:00,CVS,59.76528549194336,60.439998626708984,61.72999954223633,8446900.0
473,2024-06-26 00:00:00+00:00,CVS,59.95316696166992,60.630001068115234,60.22999954223633,8197800.0
474,2024-06-27 00:00:00+00:00,CVS,57.7085075378418,58.36000061035156,58.369998931884766,16224700.0
475,2024-06-28 00:00:00+00:00,CVS,58.400691986083984,59.060001373291016,59.0,14343500.0
476,2024-07-01 00:00:00+00:00,CVS,57.500850677490234,58.150001525878906,59.20000076293945,8337900.0
477,2024-07-02 00:00:00+00:00,CVS,56.87788391113281,57.52000045776367,58.040000915527344,7143000.0
478,2024-07-03 00:00:00+00:00,CVS,56.067039489746094,56.70000076293945,57.560001373291016,5371400.0
479,2024-07-05 00:00:00+00:00,CVS,55.98793029785156,56.619998931884766,56.66999816894531,6275300.0
480,2024-07-08 00:00:00+00:00,CVS,56.25491714477539,56.88999938964844,56.650001525878906,5908200.0
481,2024-07-09 00:00:00+00:00,CVS,56.97676467895508,57.619998931884766,56.27000045776367,8833500.0
482,2024-07-10 00:00:00+00:00,CVS,56.88777160644531,57.529998779296875,57.869998931884766,11035000.0
483,2024-07-11 00:00:00+00:00,CVS,57.5601806640625,58.209999084472656,57.41999816894531,7529500.0
484,2024-07-12 00:00:00+00:00,CVS,58.34136199951172,59.0,58.29999923706055,8220000.0
485,2024-07-15 00:00:00+00:00,CVS,58.015045166015625,58.66999816894531,59.63999938964844,6186500.0
486,2024-07-16 00:00:00+00:00,CVS,59.389530181884766,60.060001373291016,59.31999969482422,9724200.0
487,2024-07-17 00:00:00+00:00,CVS,60.91233444213867,61.599998474121094,59.869998931884766,12382500.0
488,2024-07-18 00:00:00+00:00,CVS,59.24120330810547,59.90999984741211,61.0,6968900.0
489,2024-07-19 00:00:00+00:00,CVS,58.904998779296875,59.56999969482422,60.279998779296875,7143900.0
490,2024-07-22 00:00:00+00:00,CVS,58.33000183105469,58.33000183105469,58.880001068115234,7913600.0
491,2024-07-23 00:00:00+00:00,CVS,57.970001220703125,57.970001220703125,58.16999816894531,7460500.0
492,2024-07-24 00:00:00+00:00,CVS,58.540000915527344,58.540000915527344,58.08000183105469,10223200.0
493,2024-07-25 00:00:00+00:00,CVS,58.650001525878906,58.650001525878906,58.869998931884766,8178000.0
494,2024-07-26 00:00:00+00:00,CVS,61.0,61.0,59.02000045776367,14553200.0
495,2024-07-29 00:00:00+00:00,CVS,61.56999969482422,61.56999969482422,60.689998626708984,9237800.0
496,2024-07-30 00:00:00+00:00,CVS,63.18000030517578,63.18000030517578,61.66999816894531,10469400.0
497,2024-07-31 00:00:00+00:00,CVS,60.33000183105469,60.33000183105469,60.84000015258789,12826600.0
498,2024-08-01 00:00:00+00:00,CVS,60.029998779296875,60.029998779296875,60.880001068115234,9214900.0
499,2024-08-02 00:00:00+00:00,CVS,59.31999969482422,59.31999969482422,60.2400016784668,8695500.0
500,2024-08-05 00:00:00+00:00,CVS,57.810001373291016,57.810001373291016,58.0,9479800.0
501,2024-08-06 00:00:00+00:00,CVS,58.34000015258789,58.34000015258789,57.689998626708984,11471900.0
502,2024-08-07 00:00:00+00:00,CVS,56.470001220703125,56.470001220703125,58.0,14976000.0
503,2024-08-08 00:00:00+00:00,CVS,57.849998474121094,57.849998474121094,56.29999923706055,11683600.0
504,2024-08-09 00:00:00+00:00,CVS,57.11000061035156,57.11000061035156,57.79999923706055,8345000.0
505,2024-08-12 00:00:00+00:00,CVS,55.810001373291016,55.810001373291016,57.209999084472656,8390200.0
506,2024-08-13 00:00:00+00:00,CVS,55.81999969482422,55.81999969482422,55.900001525878906,7839300.0
507,2024-08-14 00:00:00+00:00,CVS,55.9900016784668,55.9900016784668,55.880001068115234,5873200.0
508,2024-08-15 00:00:00+00:00,CVS,57.560001373291016,57.560001373291016,56.38999938964844,10041000.0
509,2024-08-16 00:00:00+00:00,CVS,58.349998474121094,58.349998474121094,57.36000061035156,7442700.0
510,2024-08-19 00:00:00+00:00,CVS,58.79999923706055,58.79999923706055,58.40999984741211,7469100.0
511,2024-08-20 00:00:00+00:00,CVS,58.900001525878906,58.900001525878906,58.70000076293945,4178700.0
512,2024-08-21 00:00:00+00:00,CVS,58.31999969482422,58.31999969482422,58.9900016784668,4730400.0
513,2024-08-22 00:00:00+00:00,CVS,57.7400016784668,57.7400016784668,58.459999084472656,7883100.0
514,2024-08-23 00:00:00+00:00,CVS,58.75,58.75,58.060001373291016,9614400.0
515,2024-08-26 00:00:00+00:00,CVS,58.70000076293945,58.70000076293945,58.70000076293945,6892600.0
516,2024-08-27 00:00:00+00:00,CVS,57.459999084472656,57.459999084472656,58.619998931884766,6180900.0
517,2024-08-28 00:00:00+00:00,CVS,57.2400016784668,57.2400016784668,57.5,7963600.0
518,2024-08-29 00:00:00+00:00,CVS,56.970001220703125,56.970001220703125,57.349998474121094,9181000.0
519,2024-08-30 00:00:00+00:00,CVS,57.2400016784668,57.2400016784668,56.959999084472656,8188100.0
520,2024-09-03 00:00:00+00:00,CVS,57.380001068115234,57.380001068115234,57.20000076293945,11601600.0
521,2024-09-04 00:00:00+00:00,CVS,59.29999923706055,59.29999923706055,57.38999938964844,14231300.0
522,2024-09-05 00:00:00+00:00,CVS,58.06999969482422,58.06999969482422,59.5,7022200.0
523,2024-09-06 00:00:00+00:00,CVS,57.75,57.75,58.13999938964844,6262800.0
524,2024-09-09 00:00:00+00:00,CVS,56.470001220703125,56.470001220703125,57.95000076293945,9140100.0
525,2024-09-10 00:00:00+00:00,CVS,56.939998626708984,56.939998626708984,56.58000183105469,5113500.0
526,2024-09-11 00:00:00+00:00,CVS,56.11000061035156,56.11000061035156,56.349998474121094,9768400.0
527,2024-09-12 00:00:00+00:00,CVS,57.529998779296875,57.529998779296875,56.34000015258789,7140200.0
528,2024-01-02 00:00:00+00:00,GOOG,139.21810913085938,139.55999755859375,139.60000610351562,20071900.0
529,2024-01-03 00:00:00+00:00,GOOG,140.01614379882812,140.36000061035156,138.60000610351562,18974300.0
530,2024-01-04 00:00:00+00:00,GOOG,137.7018280029297,138.0399932861328,139.85000610351562,18253300.0
531,2024-01-05 00:00:00+00:00,GOOG,137.0534210205078,137.38999938964844,138.3520050048828,15433200.0
532,2024-01-08 00:00:00+00:00,GOOG,140.18572998046875,140.52999877929688,138.0,17645300.0
533,2024-01-09 00:00:00+00:00,GOOG,142.21075439453125,142.55999755859375,140.05999755859375,19579700.0
534,2024-01-10 00:00:00+00:00,GOOG,143.44772338867188,143.8000030517578,142.52000427246094,16641900.0
535,2024-01-11 00:00:00+00:00,GOOG,143.3180389404297,143.6699981689453,144.89500427246094,17471100.0
536,2024-01-12 00:00:00+00:00,GOOG,143.8866424560547,144.24000549316406,144.33999633789062,13995200.0
537,2024-01-16 00:00:00+00:00,GOOG,143.72703552246094,144.0800018310547,143.42999267578125,19198900.0
538,2024-01-17 00:00:00+00:00,GOOG,142.53994750976562,142.88999938964844,142.91000366210938,17884500.0
539,2024-01-18 00:00:00+00:00,GOOG,144.63479614257812,144.99000549316406,143.44000244140625,18876800.0
540,2024-01-19 00:00:00+00:00,GOOG,147.6074981689453,147.97000122070312,146.30499267578125,27170900.0
541,2024-01-22 00:00:00+00:00,GOOG,147.34814453125,147.7100067138672,148.7100067138672,21829200.0
542,2024-01-23 00:00:00+00:00,GOOG,148.31576538085938,148.67999267578125,147.72000122070312,14113600.0
543,2024-01-24 00:00:00+00:00,GOOG,149.98167419433594,150.35000610351562,150.2899932861328,19245000.0
544,2024-01-25 00:00:00+00:00,GOOG,153.26361083984375,153.63999938964844,151.74000549316406,21495100.0
545,2024-01-26 00:00:00+00:00,GOOG,153.41323852539062,153.7899932861328,152.8699951171875,19494500.0
546,2024-01-29 00:00:00+00:00,GOOG,154.46067810058594,154.83999633789062,153.63999938964844,20909300.0
547,2024-01-30 00:00:00+00:00,GOOG,152.67506408691406,153.0500030517578,154.00999450683594,26578900.0
548,2024-01-31 00:00:00+00:00,GOOG,141.45262145996094,141.8000030517578,145.38999938964844,43908600.0
549,2024-02-01 00:00:00+00:00,GOOG,142.3603973388672,142.7100067138672,143.69000244140625,25526900.0
550,2024-02-02 00:00:00+00:00,GOOG,143.18833923339844,143.5399932861328,140.88999938964844,42116900.0
551,2024-02-05 00:00:00+00:00,GOOG,144.574951171875,144.92999267578125,144.0399932861328,29254400.0
552,2024-02-06 00:00:00+00:00,GOOG,145.05377197265625,145.41000366210938,145.9600067138672,21517700.0
553,2024-02-07 00:00:00+00:00,GOOG,146.32064819335938,146.67999267578125,146.1199951171875,21436100.0
554,2024-02-08 00:00:00+00:00,GOOG,146.8593292236328,147.22000122070312,146.97000122070312,18241300.0
555,2024-02-09 00:00:00+00:00,GOOG,149.85198974609375,150.22000122070312,147.9499969482422,21877700.0
556,2024-02-12 00:00:00+00:00,GOOG,148.3656463623047,148.72999572753906,149.5399932861328,17236100.0
557,2024-02-13 00:00:00+00:00,GOOG,146.0114288330078,146.3699951171875,146.07000732421875,18138500.0
558,2024-02-14 00:00:00+00:00,GOOG,146.77952575683594,147.13999938964844,147.3699951171875,16651800.0
559,2024-02-15 00:00:00+00:00,GOOG,143.58738708496094,143.94000244140625,144.4600067138672,26724300.0
560,2024-02-16 00:00:00+00:00,GOOG,141.41270446777344,141.75999450683594,144.2100067138672,21849700.0
561,2024-02-20 00:00:00+00:00,GOOG,141.8516387939453,142.1999969482422,140.94000244140625,18625600.0
562,2024-02-21 00:00:00+00:00,GOOG,143.48760986328125,143.83999633789062,142.63999938964844,16499600.0
563,2024-02-22 00:00:00+00:00,GOOG,144.96400451660156,145.32000732421875,146.1199951171875,23024700.0
564,2024-02-23 00:00:00+00:00,GOOG,144.93406677246094,145.2899932861328,144.97000122070312,14519400.0
565,2024-02-26 00:00:00+00:00,GOOG,138.4100799560547,138.75,143.4499969482422,33513000.0
566,2024-02-27 00:00:00+00:00,GOOG,139.7567901611328,140.10000610351562,139.41000366210938,22364000.0
567,2024-02-28 00:00:00+00:00,GOOG,137.09332275390625,137.42999267578125,139.10000610351562,30628700.0
568,2024-02-29 00:00:00+00:00,GOOG,139.43756103515625,139.77999877929688,138.35000610351562,35485000.0
569,2024-03-01 00:00:00+00:00,GOOG,137.74172973632812,138.0800018310547,139.61000061035156,28522000.0
570,2024-03-04 00:00:00+00:00,GOOG,133.87123107910156,134.1999969482422,136.5399932861328,43571500.0
571,2024-03-05 00:00:00+00:00,GOOG,133.45225524902344,133.77999877929688,132.74000549316406,28447600.0
572,2024-03-06 00:00:00+00:00,GOOG,132.23524475097656,132.55999755859375,134.24000549316406,23175200.0
573,2024-03-07 00:00:00+00:00,GOOG,134.90869140625,135.24000549316406,133.88999938964844,24107300.0
574,2024-03-08 00:00:00+00:00,GOOG,135.9561004638672,136.2899932861328,135.03500366210938,26472400.0
575,2024-03-11 00:00:00+00:00,GOOG,138.59962463378906,138.94000244140625,137.07000732421875,22536400.0
576,2024-03-12 00:00:00+00:00,GOOG,139.2779541015625,139.6199951171875,138.25,19019700.0
577,2024-03-13 00:00:00+00:00,GOOG,140.42515563964844,140.77000427246094,140.05999755859375,19637000.0
578,2024-03-14 00:00:00+00:00,GOOG,143.98638916015625,144.33999633789062,142.3000030517578,36117900.0
579,2024-03-15 00:00:00+00:00,GOOG,141.8217010498047,142.1699981689453,143.41000366210938,41025900.0
580,2024-03-18 00:00:00+00:00,GOOG,148.11624145507812,148.47999572753906,149.3699951171875,47676700.0
581,2024-03-19 00:00:00+00:00,GOOG,147.5576171875,147.9199981689453,148.97999572753906,17748400.0
582,2024-03-20 00:00:00+00:00,GOOG,149.3133087158203,149.67999267578125,148.7899932861328,17730000.0
583,2024-03-21 00:00:00+00:00,GOOG,148.37562561035156,148.74000549316406,150.32000732421875,19843900.0
584,2024-03-22 00:00:00+00:00,GOOG,151.398193359375,151.77000427246094,150.24000549316406,19226300.0
585,2024-03-25 00:00:00+00:00,GOOG,150.7797088623047,151.14999389648438,150.9499969482422,15114700.0
586,2024-03-26 00:00:00+00:00,GOOG,151.328369140625,151.6999969482422,151.24000549316406,19312700.0
587,2024-03-27 00:00:00+00:00,GOOG,151.56777954101562,151.94000244140625,152.14500427246094,16622000.0
588,2024-03-28 00:00:00+00:00,GOOG,151.88699340820312,152.25999450683594,152.0,21105600.0
589,2024-04-01 00:00:00+00:00,GOOG,156.11660766601562,156.5,151.8300018310547,24469800.0
590,2024-04-02 00:00:00+00:00,GOOG,155.48814392089844,155.8699951171875,154.75,17598100.0
591,2024-04-03 00:00:00+00:00,GOOG,155.98692321777344,156.3699951171875,154.9199981689453,17266200.0
592,2024-04-04 00:00:00+00:00,GOOG,151.56777954101562,151.94000244140625,155.0800018310547,24184800.0
593,2024-04-05 00:00:00+00:00,GOOG,153.56288146972656,153.94000244140625,151.67999267578125,16289800.0
594,2024-04-08 00:00:00+00:00,GOOG,155.7574920654297,156.13999938964844,154.01499938964844,16641500.0
595,2024-04-09 00:00:00+00:00,GOOG,157.75259399414062,158.13999938964844,157.35000610351562,21538100.0
596,2024-04-10 00:00:00+00:00,GOOG,157.27377319335938,157.66000366210938,157.8800048828125,16339200.0
597,2024-04-11 00:00:00+00:00,GOOG,160.39608764648438,160.7899932861328,158.33999633789062,17841700.0
598,2024-04-12 00:00:00+00:00,GOOG,158.80001831054688,159.19000244140625,159.40499877929688,16968200.0
599,2024-04-15 00:00:00+00:00,GOOG,155.94703674316406,156.3300018310547,160.27999877929688,21140900.0
600,2024-04-16 00:00:00+00:00,GOOG,155.61782836914062,156.0,155.63999938964844,15413200.0
601,2024-04-17 00:00:00+00:00,GOOG,156.4956817626953,156.8800048828125,157.19000244140625,16237800.0
602,2024-04-18 00:00:00+00:00,GOOG,157.07424926757812,157.4600067138672,156.9250030517578,14016100.0
603,2024-04-19 00:00:00+00:00,GOOG,155.33851623535156,155.72000122070312,157.75,20063900.0
604,2024-04-22 00:00:00+00:00,GOOG,157.56304931640625,157.9499969482422,156.00999450683594,17243900.0
605,2024-04-23 00:00:00+00:00,GOOG,159.52822875976562,159.9199981689453,158.58999633789062,16115400.0
606,2024-04-24 00:00:00+00:00,GOOG,160.70533752441406,161.10000610351562,159.08999633789062,19485700.0
607,2024-04-25 00:00:00+00:00,GOOG,157.56304931640625,157.9499969482422,153.36000061035156,36197800.0
608,2024-04-26 00:00:00+00:00,GOOG,173.26449584960938,173.69000244140625,175.99000549316406,56500800.0
609,2024-04-29 00:00:00+00:00,GOOG,167.48867797851562,167.89999389648438,170.77000427246094,35914600.0
610,2024-04-30 00:00:00+00:00,GOOG,164.23666381835938,164.63999938964844,167.3800048828125,29420800.0
611,2024-05-01 00:00:00+00:00,GOOG,165.1643829345703,165.57000732421875,166.17999267578125,25223200.0
612,2024-05-02 00:00:00+00:00,GOOG,168.0473175048828,168.4600067138672,166.6699981689453,17041100.0
613,2024-05-03 00:00:00+00:00,GOOG,168.57601928710938,168.99000549316406,169.5399932861328,22767100.0
614,2024-05-06 00:00:00+00:00,GOOG,169.41395568847656,169.8300018310547,169.22000122070312,15147900.0
615,2024-05-07 00:00:00+00:00,GOOG,172.5562286376953,172.97999572753906,170.1199951171875,21102400.0
616,2024-05-08 00:00:00+00:00,GOOG,170.74069213867188,171.16000366210938,170.75,14569900.0
617,2024-05-09 00:00:00+00:00,GOOG,171.15966796875,171.5800018310547,171.14999389648438,11937700.0
618,2024-05-10 00:00:00+00:00,GOOG,169.87281799316406,170.2899932861328,169.69000244140625,18740500.0
619,2024-05-13 00:00:00+00:00,GOOG,170.4813232421875,170.89999389648438,165.8470001220703,19648600.0
620,2024-05-14 00:00:00+00:00,GOOG,171.50880432128906,171.92999267578125,171.58999633789062,18729500.0
621,2024-05-15 00:00:00+00:00,GOOG,173.4540252685547,173.8800048828125,172.3000030517578,20958200.0
622,2024-05-16 00:00:00+00:00,GOOG,175.00022888183594,175.42999267578125,174.60000610351562,17247300.0
623,2024-05-17 00:00:00+00:00,GOOG,176.8556671142578,177.2899932861328,175.5500030517578,16546400.0
624,2024-05-20 00:00:00+00:00,GOOG,178.02281188964844,178.4600067138672,177.30999755859375,17495100.0
625,2024-05-21 00:00:00+00:00,GOOG,179.10015869140625,179.5399932861328,178.39999389648438,14706000.0
626,2024-05-22 00:00:00+00:00,GOOG,177.56393432617188,178.0,178.39999389648438,16189400.0
627,2024-05-23 00:00:00+00:00,GOOG,174.63113403320312,175.05999755859375,178.77999877929688,14928400.0
628,2024-05-24 00:00:00+00:00,GOOG,175.8980255126953,176.3300018310547,176.52000427246094,11400600.0
629,2024-05-28 00:00:00+00:00,GOOG,177.58389282226562,178.02000427246094,175.74000549316406,15655300.0
630,2024-05-29 00:00:00+00:00,GOOG,176.96539306640625,177.39999389648438,176.80999755859375,15023800.0
631,2024-05-30 00:00:00+00:00,GOOG,173.1348114013672,173.55999755859375,176.69000244140625,18844000.0
632,2024-05-31 00:00:00+00:00,GOOG,173.53382873535156,173.9600067138672,173.39999389648438,28085200.0
633,2024-06-03 00:00:00+00:00,GOOG,173.99270629882812,174.4199981689453,173.8800048828125,20742800.0
634,2024-06-04 00:00:00+00:00,GOOG,174.7009735107422,175.1300048828125,174.4499969482422,14066600.0
635,2024-06-05 00:00:00+00:00,GOOG,176.63623046875,177.07000732421875,176.53500366210938,15233900.0
636,2024-06-06 00:00:00+00:00,GOOG,177.91307067871094,178.35000610351562,177.42999267578125,14255800.0
637,2024-06-07 00:00:00+00:00,GOOG,175.51895141601562,175.9499969482422,178.4600067138672,14716300.0
638,2024-06-10 00:00:00+00:00,GOOG,176.39779663085938,176.6300048828125,176.4499969482422,17122200.0
639,2024-06-11 00:00:00+00:00,GOOG,177.95574951171875,178.19000244140625,177.72000122070312,14402400.0
640,2024-06-12 00:00:00+00:00,GOOG,179.32394409179688,179.55999755859375,179.75,18600400.0
641,2024-06-13 00:00:00+00:00,GOOG,176.50765991210938,176.74000549316406,177.83999633789062,15956900.0
642,2024-06-14 00:00:00+00:00,GOOG,178.135498046875,178.3699951171875,175.8520050048828,12361600.0
643,2024-06-17 00:00:00+00:00,GOOG,178.5449676513672,178.77999877929688,176.97999572753906,15272900.0
644,2024-06-18 00:00:00+00:00,GOOG,176.21803283691406,176.4499969482422,178.7899932861328,15640300.0
645,2024-06-20 00:00:00+00:00,GOOG,177.47637939453125,177.7100067138672,176.7100067138672,16753200.0
646,2024-06-21 00:00:00+00:00,GOOG,180.02301025390625,180.25999450683594,178.49000549316406,59728000.0
647,2024-06-24 00:00:00+00:00,GOOG,180.5523223876953,180.7899932861328,181.27999877929688,18198300.0
648,2024-06-25 00:00:00+00:00,GOOG,185.33602905273438,185.5800018310547,181.14500427246094,18917700.0
649,2024-06-26 00:00:00+00:00,GOOG,185.1262969970703,185.3699951171875,184.1999969482422,13375700.0
650,2024-06-27 00:00:00+00:00,GOOG,186.61434936523438,186.86000061035156,185.64500427246094,13025700.0
651,2024-06-28 00:00:00+00:00,GOOG,183.17886352539062,183.4199981689453,185.72000122070312,23032400.0
652,2024-07-01 00:00:00+00:00,GOOG,184.24746704101562,184.49000549316406,184.47999572753906,11815900.0
653,2024-07-02 00:00:00+00:00,GOOG,186.3646697998047,186.61000061035156,183.47000122070312,12555500.0
654,2024-07-03 00:00:00+00:00,GOOG,187.14364624023438,187.38999938964844,186.3000030517578,7409100.0
655,2024-07-05 00:00:00+00:00,GOOG,191.7076416015625,191.9600067138672,187.32000732421875,14303400.0
656,2024-07-08 00:00:00+00:00,GOOG,190.22958374023438,190.47999572753906,191.36500549316406,12097600.0
657,2024-07-09 00:00:00+00:00,GOOG,190.18963623046875,190.44000244140625,191.75,10198500.0
658,2024-07-10 00:00:00+00:00,GOOG,192.40672302246094,192.66000366210938,190.75,12052900.0
659,2024-07-11 00:00:00+00:00,GOOG,187.05377197265625,187.3000030517578,191.33999633789062,16452000.0
660,2024-07-12 00:00:00+00:00,GOOG,186.53445434570312,186.77999877929688,186.9199981689453,14449100.0
661,2024-07-15 00:00:00+00:00,GOOG,187.94259643554688,188.19000244140625,186.49000549316406,12186000.0
662,2024-07-16 00:00:00+00:00,GOOG,185.25613403320312,185.5,188.9600067138672,12760100.0
663,2024-07-17 00:00:00+00:00,GOOG,182.37991333007812,182.6199951171875,184.67999267578125,17376600.0
664,2024-07-18 00:00:00+00:00,GOOG,178.98439025878906,179.22000122070312,183.5399932861328,17877200.0
665,2024-07-19 00:00:00+00:00,GOOG,179.15415954589844,179.38999938964844,180.3699951171875,14485900.0
666,2024-07-22 00:00:00+00:00,GOOG,183.1089630126953,183.35000610351562,182.35000610351562,16303900.0
667,2024-07-23 00:00:00+00:00,GOOG,183.358642578125,183.60000610351562,183.83999633789062,23772600.0
668,2024-07-24 00:00:00+00:00,GOOG,174.14076232910156,174.3699951171875,175.38999938964844,31250700.0
669,2024-07-25 00:00:00+00:00,GOOG,168.9376220703125,169.16000366210938,174.25,28967900.0
670,2024-07-26 00:00:00+00:00,GOOG,168.45823669433594,168.67999267578125,168.77000427246094,25150100.0
671,2024-07-29 00:00:00+00:00,GOOG,170.905029296875,171.1300048828125,170.5,13768900.0
672,2024-07-30 00:00:00+00:00,GOOG,171.63406372070312,171.86000061035156,171.8300018310547,13681400.0
673,2024-07-31 00:00:00+00:00,GOOG,172.92236328125,173.14999389648438,174.9199981689453,15650200.0
674,2024-08-01 00:00:00+00:00,GOOG,172.22328186035156,172.4499969482422,171.97999572753906,17177800.0
675,2024-08-02 00:00:00+00:00,GOOG,168.17860412597656,168.39999389648438,168.19000244140625,18907800.0
676,2024-08-05 00:00:00+00:00,GOOG,160.42881774902344,160.63999938964844,157.3699951171875,34907800.0
677,2024-08-06 00:00:00+00:00,GOOG,160.3289337158203,160.5399932861328,160.94500732421875,36146500.0
678,2024-08-07 00:00:00+00:00,GOOG,160.53866577148438,160.75,163.24000549316406,19334200.0
679,2024-08-08 00:00:00+00:00,GOOG,163.62460327148438,163.83999633789062,162.343994140625,15733600.0
680,2024-08-09 00:00:00+00:00,GOOG,165.17257690429688,165.38999938964844,161.64500427246094,13549200.0
681,2024-08-12 00:00:00+00:00,GOOG,163.73446655273438,163.9499969482422,165.9949951171875,12435000.0
682,2024-08-13 00:00:00+00:00,GOOG,165.71185302734375,165.92999267578125,165.18499755859375,12717600.0
683,2024-08-14 00:00:00+00:00,GOOG,161.81698608398438,162.02999877929688,164.2100067138672,22515900.0
684,2024-08-15 00:00:00+00:00,GOOG,162.9554901123047,163.1699981689453,162.2100067138672,18392500.0
685,2024-08-16 00:00:00+00:00,GOOG,164.5234375,164.74000549316406,163.41000366210938,16853100.0
686,2024-08-19 00:00:00+00:00,GOOG,168.17860412597656,168.39999389648438,167.0,13100800.0
687,2024-08-20 00:00:00+00:00,GOOG,168.73788452148438,168.9600067138672,168.74000549316406,12622500.0
688,2024-08-21 00:00:00+00:00,GOOG,167.40963745117188,167.6300048828125,166.99000549316406,15269600.0
689,2024-08-22 00:00:00+00:00,GOOG,165.27244567871094,165.49000549316406,169.0399932861328,19123800.0
690,2024-08-23 00:00:00+00:00,GOOG,167.2098846435547,167.42999267578125,166.5500030517578,14281600.0
691,2024-08-26 00:00:00+00:00,GOOG,167.709228515625,167.92999267578125,168.15499877929688,11990300.0
692,2024-08-27 00:00:00+00:00,GOOG,166.16127014160156,166.3800048828125,167.61000061035156,13718200.0
693,2024-08-28 00:00:00+00:00,GOOG,164.2837371826172,164.5,166.77999877929688,15208700.0
694,2024-08-29 00:00:00+00:00,GOOG,163.1851806640625,163.39999389648438,166.05999755859375,17133800.0
695,2024-08-30 00:00:00+00:00,GOOG,164.8929443359375,165.11000061035156,164.22000122070312,18498800.0
696,2024-09-03 00:00:00+00:00,GOOG,158.4014892578125,158.61000061035156,163.31500244140625,26533100.0
697,2024-09-04 00:00:00+00:00,GOOG,157.6025390625,157.80999755859375,158.0749969482422,17410700.0
698,2024-09-05 00:00:00+00:00,GOOG,158.39151000976562,158.60000610351562,157.77999877929688,14139500.0
699,2024-09-06 00:00:00+00:00,GOOG,151.9300079345703,152.1300048828125,158.69000244140625,24999100.0
700,2024-09-09 00:00:00+00:00,GOOG,149.5399932861328,149.5399932861328,153.6300048828125,28057700.0
701,2024-09-10 00:00:00+00:00,GOOG,150.00999450683594,150.00999450683594,151.4499969482422,20401800.0
702,2024-09-11 00:00:00+00:00,GOOG,152.14999389648438,152.14999389648438,151.08999633789062,18991500.0
703,2024-09-12 00:00:00+00:00,GOOG,155.5399932861328,155.5399932861328,154.80999755859375,21024100.0
704,2024-01-02 00:00:00+00:00,WMT,52.58402633666992,53.0966682434082,52.41666793823242,23539800.0
705,2024-01-03 00:00:00+00:00,WMT,52.58732604980469,53.099998474121094,53.25666809082031,18756000.0
706,2024-01-04 00:00:00+00:00,WMT,52.078948974609375,52.586666107177734,53.06999969482422,19282500.0
707,2024-01-05 00:00:00+00:00,WMT,51.732330322265625,52.23666763305664,52.63999938964844,21709500.0
708,2024-01-08 00:00:00+00:00,WMT,52.24070739746094,52.75,52.233333587646484,20680800.0
709,2024-01-09 00:00:00+00:00,WMT,52.59062576293945,53.10333251953125,52.643333435058594,23322300.0
710,2024-01-10 00:00:00+00:00,WMT,53.24425506591797,53.76333236694336,53.186668395996094,20121900.0
711,2024-01-11 00:00:00+00:00,WMT,53.184837341308594,53.70333480834961,53.78333282470703,14355300.0
712,2024-01-12 00:00:00+00:00,WMT,53.2541618347168,53.77333450317383,53.790000915527344,13629000.0
713,2024-01-16 00:00:00+00:00,WMT,53.422515869140625,53.94333267211914,53.813331604003906,17032500.0
714,2024-01-17 00:00:00+00:00,WMT,53.171630859375,53.689998626708984,53.793331146240234,14827800.0
715,2024-01-18 00:00:00+00:00,WMT,53.88798141479492,54.413333892822266,53.720001220703125,18190500.0
716,2024-01-19 00:00:00+00:00,WMT,53.60408020019531,54.12666702270508,54.47666549682617,19175400.0
717,2024-01-22 00:00:00+00:00,WMT,53.607383728027344,54.130001068115234,54.26333236694336,13938300.0
718,2024-01-23 00:00:00+00:00,WMT,53.74272918701172,54.266666412353516,54.040000915527344,12066600.0
719,2024-01-24 00:00:00+00:00,WMT,52.98346710205078,53.5,54.29999923706055,22932900.0
720,2024-01-25 00:00:00+00:00,WMT,53.75593566894531,54.279998779296875,53.79999923706055,16369500.0
721,2024-01-26 00:00:00+00:00,WMT,54.22800064086914,54.75666809082031,54.349998474121094,15746400.0
722,2024-01-29 00:00:00+00:00,WMT,54.48218536376953,55.01333236694336,54.78333282470703,18240300.0
723,2024-01-30 00:00:00+00:00,WMT,54.66374969482422,55.1966667175293,54.900001525878906,15270000.0
724,2024-01-31 00:00:00+00:00,WMT,54.551509857177734,55.08333206176758,55.93333435058594,26134800.0
725,2024-02-01 00:00:00+00:00,WMT,55.56166076660156,56.10333251953125,55.233333587646484,20792700.0
726,2024-02-02 00:00:00+00:00,WMT,55.97761154174805,56.52333450317383,56.04999923706055,21670800.0
727,2024-02-05 00:00:00+00:00,WMT,55.67720413208008,56.220001220703125,56.66999816894531,19145100.0
728,2024-02-06 00:00:00+00:00,WMT,56.05683135986328,56.60333251953125,56.26333236694336,14181300.0
729,2024-02-07 00:00:00+00:00,WMT,55.91488265991211,56.459999084472656,56.75666809082031,17082600.0
730,2024-02-08 00:00:00+00:00,WMT,55.91158676147461,56.456668853759766,56.459999084472656,14427900.0
731,2024-02-09 00:00:00+00:00,WMT,55.881874084472656,56.426666259765625,56.46333312988281,14329800.0
732,2024-02-12 00:00:00+00:00,WMT,56.218589782714844,56.766666412353516,56.40999984741211,14795100.0
733,2024-02-13 00:00:00+00:00,WMT,55.83565902709961,56.380001068115234,56.87333297729492,18574200.0
734,2024-02-14 00:00:00+00:00,WMT,55.65739822387695,56.20000076293945,56.25,18484500.0
735,2024-02-15 00:00:00+00:00,WMT,55.88517761230469,56.43000030517578,56.599998474121094,16948800.0
736,2024-02-16 00:00:00+00:00,WMT,56.238399505615234,56.78666687011719,56.76333236694336,22373400.0
737,2024-02-20 00:00:00+00:00,WMT,58.05403137207031,58.619998931884766,59.49333190917969,71788500.0
738,2024-02-21 00:00:00+00:00,WMT,57.34098815917969,57.900001525878906,58.33333206176758,40551600.0
739,2024-02-22 00:00:00+00:00,WMT,57.905479431152344,58.470001220703125,57.959999084472656,29512800.0
740,2024-02-23 00:00:00+00:00,WMT,57.95499801635742,58.52000045776367,58.6966667175293,74365800.0
741,2024-02-26 00:00:00+00:00,WMT,59.02457046508789,59.599998474121094,59.119998931884766,32154800.0
742,2024-02-27 00:00:00+00:00,WMT,59.01466751098633,59.59000015258789,59.63999938964844,18012700.0
743,2024-02-28 00:00:00+00:00,WMT,59.044376373291016,59.619998931884766,59.54999923706055,14803300.0
744,2024-02-29 00:00:00+00:00,WMT,58.04412841796875,58.61000061035156,59.45000076293945,29245100.0
745,2024-03-01 00:00:00+00:00,WMT,58.19267654418945,58.7599983215332,58.79999923706055,19017700.0
746,2024-03-04 00:00:00+00:00,WMT,58.72746658325195,59.29999923706055,58.5,16033300.0
747,2024-03-05 00:00:00+00:00,WMT,59.460323333740234,60.040000915527344,59.869998931884766,19676900.0
748,2024-03-06 00:00:00+00:00,WMT,59.98520278930664,60.56999969482422,60.119998931884766,12698700.0
749,2024-03-07 00:00:00+00:00,WMT,59.7772331237793,60.36000061035156,61.0,16195300.0
750,2024-03-08 00:00:00+00:00,WMT,59.539546966552734,60.119998931884766,60.0,12132000.0
751,2024-03-11 00:00:00+00:00,WMT,60.07433319091797,60.65999984741211,60.099998474121094,14154000.0
752,2024-03-12 00:00:00+00:00,WMT,60.81709289550781,61.40999984741211,60.95000076293945,16613100.0
753,2024-03-13 00:00:00+00:00,WMT,60.688350677490234,61.279998779296875,61.2599983215332,15935200.0
754,2024-03-14 00:00:00+00:00,WMT,60.63667678833008,61.02000045776367,61.279998779296875,16584700.0
755,2024-03-15 00:00:00+00:00,WMT,60.29881286621094,60.68000030517578,60.68000030517578,50904600.0
756,2024-03-18 00:00:00+00:00,WMT,60.47768020629883,60.86000061035156,60.689998626708984,16801700.0
757,2024-03-19 00:00:00+00:00,WMT,60.48761749267578,60.869998931884766,60.970001220703125,12353600.0
758,2024-03-20 00:00:00+00:00,WMT,60.865230560302734,61.25,60.84000015258789,12007600.0
759,2024-03-21 00:00:00+00:00,WMT,61.0639762878418,61.45000076293945,61.279998779296875,14265900.0
760,2024-03-22 00:00:00+00:00,WMT,60.48761749267578,60.869998931884766,61.31999969482422,14025400.0
761,2024-03-25 00:00:00+00:00,WMT,60.18950271606445,60.56999969482422,60.869998931884766,14186600.0
762,2024-03-26 00:00:00+00:00,WMT,60.129878997802734,60.5099983215332,60.459999084472656,13738300.0
763,2024-03-27 00:00:00+00:00,WMT,60.33856201171875,60.720001220703125,60.869998931884766,14363400.0
764,2024-03-28 00:00:00+00:00,WMT,59.79201126098633,60.16999816894531,60.65999984741211,17535100.0
765,2024-04-01 00:00:00+00:00,WMT,59.623085021972656,60.0,60.310001373291016,13837600.0
766,2024-04-02 00:00:00+00:00,WMT,58.788360595703125,59.15999984741211,59.900001525878906,19510100.0
767,2024-04-03 00:00:00+00:00,WMT,59.056663513183594,59.43000030517578,59.380001068115234,14615100.0
768,2024-04-04 00:00:00+00:00,WMT,59.126224517822266,59.5,59.540000915527344,14436100.0
769,2024-04-05 00:00:00+00:00,WMT,59.47402572631836,59.849998474121094,59.54999923706055,10332300.0
770,2024-04-08 00:00:00+00:00,WMT,59.40446472167969,59.779998779296875,59.599998474121094,11070100.0
771,2024-04-09 00:00:00+00:00,WMT,59.414405822753906,59.790000915527344,59.869998931884766,10015900.0
772,2024-04-10 00:00:00+00:00,WMT,60.23918533325195,60.619998931884766,59.619998931884766,15097600.0
773,2024-04-11 00:00:00+00:00,WMT,59.712520599365234,60.09000015258789,60.75,10987600.0
774,2024-04-12 00:00:00+00:00,WMT,59.762203216552734,60.13999938964844,60.0,12278100.0
775,2024-04-15 00:00:00+00:00,WMT,59.553524017333984,59.93000030517578,60.5099983215332,10557200.0
776,2024-04-16 00:00:00+00:00,WMT,59.464088439941406,59.84000015258789,60.029998779296875,14726300.0
777,2024-04-17 00:00:00+00:00,WMT,59.2752799987793,59.650001525878906,60.150001525878906,15329700.0
778,2024-04-18 00:00:00+00:00,WMT,58.88772964477539,59.2599983215332,59.83000183105469,12061500.0
779,2024-04-19 00:00:00+00:00,WMT,59.156036376953125,59.529998779296875,59.45000076293945,14160200.0
780,2024-04-22 00:00:00+00:00,WMT,59.762203216552734,60.13999938964844,59.560001373291016,14910000.0
781,2024-04-23 00:00:00+00:00,WMT,58.71879959106445,59.09000015258789,60.25,17963900.0
782,2024-04-24 00:00:00+00:00,WMT,59.493900299072266,59.869998931884766,58.97999954223633,18529100.0
783,2024-04-25 00:00:00+00:00,WMT,59.831764221191406,60.209999084472656,60.04999923706055,19263000.0
784,2024-04-26 00:00:00+00:00,WMT,59.78207778930664,60.15999984741211,60.11000061035156,11045200.0
785,2024-04-29 00:00:00+00:00,WMT,59.861576080322266,60.2400016784668,60.18000030517578,9785100.0
786,2024-04-30 00:00:00+00:00,WMT,58.97716522216797,59.349998474121094,60.20000076293945,14209200.0
787,2024-05-01 00:00:00+00:00,WMT,58.48030471801758,58.849998474121094,59.310001373291016,15464300.0
788,2024-05-02 00:00:00+00:00,WMT,59.334903717041016,59.709999084472656,58.939998626708984,17574100.0
789,2024-05-03 00:00:00+00:00,WMT,59.4442138671875,59.81999969482422,59.619998931884766,14207400.0
790,2024-05-06 00:00:00+00:00,WMT,59.493900299072266,59.869998931884766,60.0,11119400.0
791,2024-05-07 00:00:00+00:00,WMT,60.23918533325195,60.619998931884766,60.16999816894531,14520200.0
792,2024-05-08 00:00:00+00:00,WMT,59.921199798583984,60.29999923706055,60.630001068115234,11015700.0
793,2024-05-09 00:00:00+00:00,WMT,60.268211364746094,60.439998626708984,60.20000076293945,14550500.0
794,2024-05-10 00:00:00+00:00,WMT,60.30809783935547,60.47999954223633,60.40999984741211,12356600.0
795,2024-05-13 00:00:00+00:00,WMT,60.23829650878906,60.40999984741211,60.619998931884766,19260500.0
796,2024-05-14 00:00:00+00:00,WMT,59.68986129760742,59.86000061035156,60.52000045776367,18780100.0
797,2024-05-15 00:00:00+00:00,WMT,59.65994644165039,59.83000183105469,59.83000183105469,22240600.0
798,2024-05-16 00:00:00+00:00,WMT,63.828067779541016,64.01000213623047,64.22000122070312,60545600.0
799,2024-05-17 00:00:00+00:00,WMT,64.46624755859375,64.6500015258789,64.23999786376953,29330400.0
800,2024-05-20 00:00:00+00:00,WMT,63.997581481933594,64.18000030517578,64.41999816894531,15001400.0
801,2024-05-21 00:00:00+00:00,WMT,64.96482849121094,65.1500015258789,64.52999877929688,17131700.0
802,2024-05-22 00:00:00+00:00,WMT,65.06453704833984,65.25,64.9800033569336,14879400.0
803,2024-05-23 00:00:00+00:00,WMT,64.65570068359375,64.83999633789062,65.16999816894531,16222900.0
804,2024-05-24 00:00:00+00:00,WMT,65.19416809082031,65.37999725341797,65.12999725341797,11793800.0
805,2024-05-28 00:00:00+00:00,WMT,64.85514068603516,65.04000091552734,65.22000122070312,13349600.0
806,2024-05-29 00:00:00+00:00,WMT,64.7354736328125,64.91999816894531,64.75,11538600.0
807,2024-05-30 00:00:00+00:00,WMT,64.70555877685547,64.88999938964844,64.93000030517578,13053500.0
808,2024-05-31 00:00:00+00:00,WMT,65.57308959960938,65.76000213623047,64.66999816894531,27632200.0
809,2024-06-03 00:00:00+00:00,WMT,65.63291931152344,65.81999969482422,65.51000213623047,11578700.0
810,2024-06-04 00:00:00+00:00,WMT,66.41069793701172,66.5999984741211,65.98999786376953,14780800.0
811,2024-06-05 00:00:00+00:00,WMT,66.89930725097656,67.08999633789062,66.56999969482422,14982700.0
812,2024-06-06 00:00:00+00:00,WMT,66.95913696289062,67.1500015258789,67.05999755859375,13256000.0
813,2024-06-07 00:00:00+00:00,WMT,65.6927490234375,65.87999725341797,67.4000015258789,20213200.0
814,2024-06-10 00:00:00+00:00,WMT,66.7696762084961,66.95999908447266,67.19000244140625,21667400.0
815,2024-06-11 00:00:00+00:00,WMT,66.54033660888672,66.7300033569336,66.94999694824219,13367500.0
816,2024-06-12 00:00:00+00:00,WMT,66.12152099609375,66.30999755859375,66.8499984741211,11704700.0
817,2024-06-13 00:00:00+00:00,WMT,66.51041412353516,66.69999694824219,66.30000305175781,11196600.0
818,2024-06-14 00:00:00+00:00,WMT,66.82950592041016,67.0199966430664,66.54000091552734,12590100.0
819,2024-06-17 00:00:00+00:00,WMT,67.2283706665039,67.41999816894531,66.91999816894531,12103000.0
820,2024-06-18 00:00:00+00:00,WMT,67.4078598022461,67.5999984741211,67.62999725341797,12093500.0
821,2024-06-20 00:00:00+00:00,WMT,67.81669616699219,68.01000213623047,67.3499984741211,13860800.0
822,2024-06-21 00:00:00+00:00,WMT,67.71697998046875,67.91000366210938,68.26000213623047,25891500.0
823,2024-06-24 00:00:00+00:00,WMT,68.70417022705078,68.9000015258789,68.05000305175781,12470400.0
824,2024-06-25 00:00:00+00:00,WMT,67.2283706665039,67.41999816894531,67.16999816894531,20904000.0
825,2024-06-26 00:00:00+00:00,WMT,68.09590148925781,68.29000091552734,67.4000015258789,14177500.0
826,2024-06-27 00:00:00+00:00,WMT,67.68706512451172,67.87999725341797,68.29000091552734,12899200.0
827,2024-06-28 00:00:00+00:00,WMT,67.51754760742188,67.70999908447266,67.87000274658203,18816700.0
828,2024-07-01 00:00:00+00:00,WMT,67.2882080078125,67.4800033569336,67.88999938964844,8666000.0
829,2024-07-02 00:00:00+00:00,WMT,67.87652587890625,68.06999969482422,67.44000244140625,9436500.0
830,2024-07-03 00:00:00+00:00,WMT,68.04603576660156,68.23999786376953,67.80999755859375,6287500.0
831,2024-07-05 00:00:00+00:00,WMT,69.84092712402344,70.04000091552734,68.16000366210938,21586100.0
832,2024-07-08 00:00:00+00:00,WMT,69.48194885253906,69.68000030517578,69.9000015258789,12077700.0
833,2024-07-09 00:00:00+00:00,WMT,69.70132446289062,69.9000015258789,69.9000015258789,9758400.0
834,2024-07-10 00:00:00+00:00,WMT,70.20987701416016,70.41000366210938,70.0999984741211,10803400.0
835,2024-07-11 00:00:00+00:00,WMT,69.60160827636719,69.80000305175781,70.18000030517578,15624800.0
836,2024-07-12 00:00:00+00:00,WMT,69.04319763183594,69.23999786376953,69.9000015258789,12145300.0
837,2024-07-15 00:00:00+00:00,WMT,69.41214752197266,69.61000061035156,69.30000305175781,10171100.0
838,2024-07-16 00:00:00+00:00,WMT,69.79106140136719,69.98999786376953,69.81999969482422,9836800.0
839,2024-07-17 00:00:00+00:00,WMT,70.82810974121094,71.02999877929688,70.18000030517578,13533800.0
840,2024-07-18 00:00:00+00:00,WMT,70.61870574951172,70.81999969482422,70.68000030517578,10682700.0
841,2024-07-19 00:00:00+00:00,WMT,70.54890441894531,70.75,71.19999694824219,11665500.0
842,2024-07-22 00:00:00+00:00,WMT,70.1799545288086,70.37999725341797,70.86000061035156,12666100.0
843,2024-07-23 00:00:00+00:00,WMT,70.4491958618164,70.6500015258789,70.47000122070312,9263600.0
844,2024-07-24 00:00:00+00:00,WMT,70.39933013916016,70.5999984741211,70.5199966430664,22490800.0
845,2024-07-25 00:00:00+00:00,WMT,69.82097625732422,70.0199966430664,70.5999984741211,18821200.0
846,2024-07-26 00:00:00+00:00,WMT,69.5816650390625,69.77999877929688,70.2300033569336,16789300.0
847,2024-07-29 00:00:00+00:00,WMT,69.422119140625,69.62000274658203,69.8499984741211,10315300.0
848,2024-07-30 00:00:00+00:00,WMT,68.99333953857422,69.19000244140625,69.55000305175781,12522500.0
849,2024-07-31 00:00:00+00:00,WMT,68.44490051269531,68.63999938964844,69.18000030517578,22908800.0
850,2024-08-01 00:00:00+00:00,WMT,69.59163665771484,69.79000091552734,68.91000366210938,17275500.0
851,2024-08-02 00:00:00+00:00,WMT,68.26541137695312,68.45999908447266,69.5999984741211,23578700.0
852,2024-08-05 00:00:00+00:00,WMT,67.39788818359375,67.58999633789062,68.0999984741211,20770500.0
853,2024-08-06 00:00:00+00:00,WMT,67.5474624633789,67.73999786376953,67.83999633789062,14815100.0
854,2024-08-07 00:00:00+00:00,WMT,66.7198257446289,66.91000366210938,67.87000274658203,18499200.0
855,2024-08-08 00:00:00+00:00,WMT,67.46768951416016,67.66000366210938,66.83999633789062,12489800.0
856,2024-08-09 00:00:00+00:00,WMT,67.7568588256836,67.94999694824219,67.8499984741211,13805600.0
857,2024-08-12 00:00:00+00:00,WMT,68.50473022460938,68.69999694824219,68.33999633789062,17385300.0
858,2024-08-13 00:00:00+00:00,WMT,67.93634796142578,68.12999725341797,68.43000030517578,26557900.0
859,2024-08-14 00:00:00+00:00,WMT,68.46485137939453,68.66000366210938,67.91999816894531,22928600.0
860,2024-08-15 00:00:00+00:00,WMT,72.97200012207031,73.18000030517578,74.12000274658203,49567500.0
861,2024-08-16 00:00:00+00:00,WMT,73.44999694824219,73.44999694824219,72.69999694824219,19872100.0
862,2024-08-19 00:00:00+00:00,WMT,73.72000122070312,73.72000122070312,73.38999938964844,13709300.0
863,2024-08-20 00:00:00+00:00,WMT,74.54000091552734,74.54000091552734,73.75,14434000.0
864,2024-08-21 00:00:00+00:00,WMT,75.23999786376953,75.23999786376953,75.30000305175781,14832000.0
865,2024-08-22 00:00:00+00:00,WMT,75.58000183105469,75.58000183105469,75.37000274658203,16511100.0
866,2024-08-23 00:00:00+00:00,WMT,75.69999694824219,75.69999694824219,75.5999984741211,12299100.0
867,2024-08-26 00:00:00+00:00,WMT,76.02999877929688,76.02999877929688,75.9000015258789,9508200.0
868,2024-08-27 00:00:00+00:00,WMT,76.12999725341797,76.12999725341797,76.44999694824219,11557800.0
869,2024-08-28 00:00:00+00:00,WMT,76.08000183105469,76.08000183105469,76.27999877929688,9814300.0
870,2024-08-29 00:00:00+00:00,WMT,76.41999816894531,76.41999816894531,75.98999786376953,11856800.0
871,2024-08-30 00:00:00+00:00,WMT,77.2300033569336,77.2300033569336,76.44000244140625,23230000.0
872,2024-09-03 00:00:00+00:00,WMT,77.16999816894531,77.16999816894531,77.33000183105469,22666100.0
873,2024-09-04 00:00:00+00:00,WMT,77.23999786376953,77.23999786376953,77.33000183105469,18442800.0
874,2024-09-05 00:00:00+00:00,WMT,76.95999908447266,76.95999908447266,77.25,13082900.0
875,2024-09-06 00:00:00+00:00,WMT,76.63999938964844,76.63999938964844,76.9000015258789,14548600.0
876,2024-09-09 00:00:00+00:00,WMT,77.33999633789062,77.33999633789062,76.8499984741211,22260200.0
877,2024-09-10 00:00:00+00:00,WMT,78.80999755859375,78.80999755859375,77.3499984741211,17686300.0
878,2024-09-11 00:00:00+00:00,WMT,78.83999633789062,78.83999633789062,78.37999725341797,19518800.0
879,2024-09-12 00:00:00+00:00,WMT,79.66000366210938,79.66000366210938,78.98999786376953,14884900.0
